Word,Meaning,Frequency
hai,Hey,3495
aku,"I, me",3254
ya,Yes,2910
ini,"This, these",1724
oke,OK,1530
yang,"The one who, the thing which",1337
ada,"There is, there are",1315
udah,"(perfective aspect, indicating that the process has been accomplished)",1250
nggak,No (Jakarta slang),1228
itu,"It, that, those",1155
di,"At, in, upon",1049
bisa,"Can, could, be able",999
kita,"We, us",984
enggak,No (Jakarta slang),929
sih,(Particle used to soften questions),902
kamu,You (informal),894
nih,"This one, this is for you, latin letter N, coconut",746
mau,"Want, wish, shall, will",734
lagi,Again,688
apa,"What, which",637
kalau,If,624
iya,"Aye, yeah",576
aja,"Also, besides, as well, too, only, just, always, as you like, very, extremely",560
kalian,You all,549
gitu,"I see, like that, So",488
gimana,How,470
tuh,"It, that, those (informal)",458
jadi,"So, therefore, be, become, work as",449
dulu,"Previously, before",434
juga,"Also, too, even if, anyway",432
tadi,"Earlier, a while ago",432
tapi,But,406
ke,"To, towards",404
sini,Here,393
saya,"I, me",377
banget,"Very, extremely",375
nah,"Well!, here!, see now!",369
kayak,"As if, like",351
tahu,Know,351
kan,"Would, Shortened form of bukan",337
deh,(Jakartan slang),334
mana,"Where, which, how, what kind",327
dari,"From, out of, starting from or at, than",317
jangan,"Do not, should not",314
dan,And,308
kokh,"Firm, solid, strong",302
nanti,"Later, presently",289
kau,"You, thee, thou",285
ayo,"Let's go, come on",273
punya,"Have, possess",273
sama,"Same, equal",269
kenapa,,266
mati,"Be dead, die, go out, stop, fixed",266
kasih,"Love, affection",261
terus,"Direct, straight, immediately, continue, keep on, next, then",257
satu,One,257
pakai,"By means of, with, wear",252
bikin,"Cause, make",249
semua,All,239
bukan,"Not, no (with nouns, pronouns)",232
butuh,Need,229
harus,"Have to, must",228
masih,"Still, yet",217
buat,"Do, make, for",214
aduh,"Ouch!, ow!",204
belum,Not yet,199
tidak,"Not, no (with verbs, adjectives, and adverbs)",198
hah,,192
dong,"(A mild way of emphasizing something, used at the end of a sentence)",192
dia,"She, her, he, him",188
untuk,"For, on behalf of, in order to",183
karena,"Because, since",182
ngomong,,181
atau,Or,177
makan,Eat,177
terima,Acceptance,175
coba,"Attempt, try",169
siapa,"Who, whose, whom",169
halo,,168
nya,"Her, his, its (suffix)",167
banyak,"A lot of, many, much",163
orang,"Person, one, people in general",160
lebih,"More, more than",153
paling,The most,151
lihat,"See, refer to",150
yo,,150
mungkin,Possible,146
sekarang,"Now, nowadays",142
boleh,"Can, be able, may",142
sampai,"As far as, till, until, arrive",135
maaf,"Excuse, forgive, pardon, ask permission to leave",134
gak,,130
emang,Uncle,130
loh,,129
makasih,,126
hari,Day,123
apa-apa,What's the matter?,123
bagus,"Beautiful, fine",121
mereka,"Their, them, they",118
sudah,"Already, past, last, all right, OK",118
dengan,"With, and, by, using",115
ngasih,,111
baru,"New, recent, only then, not until, to be about to",110
minum,Drink,110
suka,"Like, be fond of, joy, pleasure",109
yah,,109
tidur,"Sleep, go to sleep",108
soalnya,The thing is ~,107
air,"Water, liquid, juice",106
akan,"Will, about to, about, regarding",102
maksudnya,,102
kali,Time,100
langsung,"Direct, straight, immediately",100
ayah,Father,99
lah,"(Suggesting action, showing agreement) (suffix)",99
tak,"No, not",98
biar,"Let, permit, so that, although",97
pas,"Be the right size, exactly, document, pass",97
sabar,"Calm, patient",96
cat,Paint,96
yuk,,94
gini,,94
disini,,94
baca,To read,93
cuma,"Merely, only, but",92
semuanya,Of it/them all,92
habis,"Finished, end, after that, then, completely, entirely",92
bentar,,92
lupa,Forget,90
pulau,Island,88
sendiri,"Self, own, by yourself",87
dua,Two,87
tolong,"Help, please",87
serius,serious,87
pernah,"Ever, once",83
bilang,Say,83
begitu,"Like that, so, very, as soon as",82
plastik,plastic,80
sekali,"Very, absolutely",79
enak,"Delicious, tasty, well, nice, pleasant, at ease, comfortable",78
ngerti,understand,78
anda,"You, your, yours",78
ngapain,,76
kayaknya,,76
gede,,75
jam,"Hour, o'clock, time for doing, watch",74
ambil,To take,74
hujan,Rain,74
indonesia,,73
woi,,73
salah,"Fault, mistake, wrong",72
gue,,71
hanya,"Just, only, however",71
si,(Definite article used with names or nicknames),71
daun,"Leaf, a flat thing",71
pada,"At, on, in",70
semangat,"Enthusiasm, spirit, morale, zest",69
om,Uncle,68
cara,"Manner, method, way, fashion, style",68
naik,"Climb, go up, ride",68
pasti,"Certain, definite, confirm, decide",67
makanya,"Consequently, because of that, no wonder!",67
nama,name,66
lain,"Another, other, different, not including",66
takut,Be afraid,66
bohong,"To lie, to tell a lie",66
cukup,"Enough, sufficient, quite",66
saja,"Only, just, nothing else than, exactly",65
pengen,,64
ikan,"Fish, meat",64
akhirnya,Eventually,64
memang,"You're right, that's true, indeed",63
besok,Tomorrow,63
situ,there,63
doang,,63
malam,"Evening, night",63
bingung,"Bewildered, confused, panicky",63
wah,"Well!, now!",62
betul,"Correct; right; true; really, very",62
tinggal,"Live; stay; remain, be left",62
namanya,Her/his name,62
tunggu,Wait,60
hiu,"shark",60
cerita,"story; narrative",60
hilang,"be lost; vanished",60
waktu,"time",59
usah,"not necessary; there's no need to",59
balik,"return",59
susah,,59
tenang,,59
kami,"we; us",59
baik,,58
sebenarnya,,58
mbak,,58
hei,,58
ternyata,,58
dah,,58
apaan,,58
harusnya,,58
teori,,58
mulai,,57
kurang,,56
suara,"voice",56
teh,,55
keren,,55
katanya,,55
benar,,55
teteh,,54
nonton,,54
rumah,,54
bawah,,54
serem,,54
jalan,"path; road, way; manner, go for a stroll",54
batu,,53
pokoknya,,53
mah,,53
masuk,,52
lanjut,,52
adalah,"am, is, are",51
oleh,,51
beneran,,51
anjing,,51
tempat,,51
donasinya,,51
selesai,,50
kah,,50
sangat,"very; extremely",50
kemana,,50
semoga,,49
astaga,,49
nene,,49
perlu,"necessary",48
keluar,,48
penting,,48
bakal,,48
jatuh,,48
nanya,,48
udahlah,,48
bisa-bisa,,48
bener,,47
cepat,,47
kemarin,"yesterday",46
ia,,46
laut,"sea",46
caranya,,46
sana,,46
berarti,,46
misalnya,,46
nyanyi,,46
minta,,46
gila,,46
kobo,,46
depan,,46
um,,45
bahasa,,45
jauh,,45
dapat,,45
dayung,,45
lama,,44
saat,,44
lu,,44
pergi,,44
berapa,,44
fishing,,44
tiga,,43
dalam,,43
gua,,43
makanan,,43
siap,,42
ntar,,42
cetak,,42
aneh,,42
kecil,,42
masa,,42
mari,,42
mancing,,42
cepet,,41
allah,,40
kiri,,40
ndak,,40
biasanya,,40
setelah,,40
begini,,40
sakit,,40
inget,,39
ela,,39
turun,,39
burung,,39
horor,,39
beli,,39
cari,,38
tahun,,38
ketawa,,38
sering,,38
tengah,,38
kak,,38
hati,,38
dimana,,38
ngambil,,38
tersisa,,38
bola,,38
pun,,37
menit,,37
atas,,37
anak,,37
belajar,,37
tet,,37
sambil,,36
kapal,,36
barang,,36
kelihatan,,36
sore,,36
buka,,36
sedang,,36
udah-udah,,36
waduh,,35
sesuatu,,35
kapan,,35
taruh,,35
tanya,,35
melihat,,35
terlalu,,35
yaudah,,35
gelas,,35
lucu,,34
bareng,,34
cuman,,34
tiba-tiba,,34
tau,,33
bukannya,,33
terakhir,,33
kamar,,33
disitu,,33
aman,,33
lalu,,32
neng,,32
ceritanya,,32
pertama,,32
sepatu,,32
pagi,,32
percaya,,32
tutup,,31
yaitu,,31
tetap,,31
seorang,,31
pulang,,31
duit,,31
detik,,31
sebelum,,30
hidup,,30
ampun,,30
parah,,30
mami,,30
sekolah,,30
dapet,,30
jika,,30
bobok,,30
ada-ada,,30
jadinya,,30
kek,,30
mobil,,30
empat,,29
kayla,,29
kira,,29
seperti,,29
weh,,29
sebagai,,29
berhenti,,29
ngetik,,29
mata,,29
apakah,,29
tentang,,28
ella,,28
kowe,,28
cantik,,28
sibuk,,28
kerja,,28
toh,,28
makin,,28
biasa,,28
beberapa,,28
bawa,,28
belakang,,28
musuh,,28
dikit,,27
kesini,,27
ingat,,27
menjadi,,27
pikir,,27
berenang,,27
lima,,27
pintu,,27
reza,,27
ingin,,27
kena,,26
tinggi,,26
mulu,,26
selalu,,26
bu,,26
mandi,,26
tangan],,26
bintang,,26
lagu,,26
marah,,26
donasi,,26
ininya,,26
santai,,26
ngaku,,26
ye,,26
inventory,,26
jelek,,25
nangis,,25
kadang,,25
lewat,,25
pohon,,25
[tepuk,,25
kata,,25
awas,,25
pencet,,25
sebentar,,25
bapak,,25
dek,,25
ketika,,25
kayu,,25
datang,,24
selamat,,24
muah,,24
diri,,24
menurut,,24
apalagi,,24
ibu,,24
jelas,,24
pak,,24
malah,,24
sayang,,24
kuda,,24
nia,,24
beban,,24
mudah,,24
baterai,,24
maunya,,23
just,,23
agak,,23
anu,,23
demi,,23
senang,,23
rezeki,,23
kenal,,23
spike,,23
mending,,23
maju,,23
diambil,,23
lainnya,,23
kirim,,23
hari-hari,,23
laper,,23
mundur,,23
biji,,22
capek,,22
muka,,22
cek,,22
net,,22
tua,,22
dipakai,,22
pindah,,22
dengar,,22
asing,,22
ngelag,,22
noah,,22
merah,,22
setiap,,22
ngelihat,,22
berdua,,22
menggunakan,,22
terjadi,,22
bersih,,22
ngantuk,,21
slank,,21
hihihi,,21
ngechat,,21
mohon,,21
silakan,,21
males,,21
ulang,,21
korea,,21
duluan,,21
ama,,21
artinya,,21
pa-pa,,21
fokus,,21
masalah,,21
segala,,21
denger,,21
itulah,,21
doa,,21
nyari,,21
temen,,21
lapar,,21
dimakan,,21
melakukan,,21
cewek,,20
kaya,,20
noh,,20
bang,,20
pertanyaan,,20
bangun,,20
minggu,,20
wek,,20
seneng,,20
kupu-kupu,,20
kubu,,20
awal,,20
muter,,20
adanya,,20
lantai,,20
arah,,20
gamenya,,20
pancingan,,20
beda,,19
nunggu,,19
disuruh,,19
pake,,19
mainin,,19
bos,,19
ketemu,,19
hingga,,19
nyata,,19
hantu,,19
kanan,,19
siang,,19
sebelah,,19
barusan,,19
simi,,19
acara,,19
respon,,19
suaranya,,19
itunya,,19
smelter,,19
kepada,,18
susu,,18
berusaha,,18
kasihan,,18
airnya,,18
nyuruh,,18
gas,,18
jawab,,18
ruang,,18
ayam,,18
ikut,,18
bagaimana,,18
dengerin,,18
sekalian,,18
diam,,18
goblok,,18
payung,,18
teman,,18
dikasih,,18
atuh,,18
nasinya,,18
seseorang,,18
temennya,,18
muncul,,18
orangnya,,18
tiap,,18
saga,,18
lari,,18
kirain,,18
masak,,18
barangnya,,18
hampir,,17
engkau,,17
abis,,17
nilai,,17
panjang,,17
para,,17
sedih,,17
ku,,17
juta,,17
luar,,17
okelah,,17
seru,,17
penghujan,,17
angin,,17
bener-bener,,17
er,,17
tugas,,17
bertiga,,17
foto,,17
nyah,,17
akunya,,17
nenek,,17
menunggu,,17
kejadian,,17
besar,,17
sip,,16
warna,,16
segitu,,16
yg,,16
tangan,,16
entar,,16
ngomongin,,16
rambut,,16
istri,,16
chatnya,,16
cowok,,16
lex,,16
kaget,,16
bobo,,16
suruh,,16
inggris,,16
ni,,16
nyampe,,16
ketik,,16
emangnya,,16
gelap,,16
pistol,,16
uang,,16
benar-benar,,16
oi,,16
asyik,,16
sampah,,16
bulan,,16
udahan,,16
berdiri,,16
panik,,16
ngapa,,16
ganti,,15
es,,15
bedanya,,15
gara-gara,,15
kucing,,15
rap,,15
jujur,,15
bahwa,,15
bareng-bareng,,15
setengah,,15
pilih,,15
nomor,,15
sama-sama,,15
dibaca,,15
angkat,,15
orang-orang,,15
kesana,,15
naik-naik,,15
lele,,15
teknik,,15
seblak,,15
tes,,15
putih,,15
mas,,15
keh,,15
menang,,15
berikutnya,,15
jendela,,15
deket,,15
hati-hati,,15
ngepet,,15
metode,,15
kalo,,14
ngerjain,,14
rasa,,14
berani,,14
ngajak,,14
senpai,,14
setan,,14
sebenernya,,14
sesuai,,14
amin,,14
segini,,14
jumat,,14
manusia,,14
hal,,14
gitar,,14
halus,,14
yakin,,14
elah,,14
yoi,,14
tukang,,14
translate,,14
dekat,,14
bunga,,14
tenet,,14
bagi,,14
tungguin,,14
bermain,,14
tatakae,,14
teman-teman,,14
gaya,,14
pula,,14
jongkok,,14
gigi,,14
keluarin,,14
kasur,,14
jangkar,,14
pasir,,14
cilok,,14
asli,,13
tanda,,13
wanita,,13
ting,,13
kembali,,13
jodoh,,13
supaya,,13
buku,,13
kode,,13
akhir-akhir,,13
baju,,13
selain,,13
kegedean,,13
cahaya,,13
bantu,,13
manggil,,13
pesan,,13
kini,,13
hasilnya,,13
koboi,,13
sebut,,13
jago,,13
mendengar,,13
padahal,,13
bom,,13
sepi,,13
nikah,,13
bocah,,13
sekitar,,13
gunung,,13
sinyal,,13
apanya,,13
daripada,,13
duh,,13
rasanya,,13
kelas,,13
kabur,,13
adek,,13
buang,,13
operasi,,13
tanpa,,13
kakak,,13
cilor,,13
ngopi,,13
crush,,13
simpan,,13
nike,,13
mid,,13
mu,,12
sedikit,,12
secara,,12
indah,,12
semut,,12
malam-malam,,12
aneh-aneh,,12
anaknya,,12
kue,,12
diem,,12
selanjutnya,,12
kunjung,,12
jepang,,12
lho,,12
terserah,,12
tetapi,,12
keluarga,,12
jasa,,12
kedua,,12
gampang,,12
bunyi,,12
samping,,12
telah,,12
pacar,,12
dibilang,,12
haduh,,12
nyala,,12
asik,,12
gini-gini,,12
sini-sini,,12
ikannya,,12
kamunya,,12
naikin,,12
tersebut,,12
permainan,,12
rajin,,12
kapalnya,,12
pinjem,,12
seksi,,12
sayur,,12
sage,,12
ngomong-ngomong,,11
cinta,,11
huhuhu,,11
soal,,11
kepencet,,11
koleksi,,11
ton,,11
pantai,,11
kangen,,11
pong,,11
kira-kira,,11
musik,,11
senin,,11
kagak,,11
istirahat,,11
smp,,11
inilah,,11
tanah,,11
foto-foto,,11
andi,,11
listrik,,11
seven,,11
kaca,,11
puasa,,11
keras,,11
telepon,,11
sepertinya,,11
neneng,,11
ditunggu,,11
pindahin,,11
cepetan,,11
berantem,,11
caca,,11
jaga,,11
masing-masing,,11
suatu,,11
bahkan,,11
bikinnya,,11
kemana-mana,,11
membuat,,11
prank,,11
nulis,,11
bodoh,,11
efek,,11
hammer,,11
hiunya,,11
grup,,11
kontainer,,11
sagu,,11
ngobrol,,10
ta,,10
tertarik,,10
apapun,,10
mikir,,10
mantap,,10
wa,,10
senyum,,10
posisi,,10
joe,,10
nyobain,,10
minyak,,10
detail,,10
merasa,,10
tante,,10
walau,,10
deskripsi,,10
ko,,10
bertahan,,10
canda,,10
gitulah,,10
agar,,10
trus,,10
rencana,,10
bekerja,,10
pikiran,,10
raffi,,10
kursi,,10
file-nya,,10
gomawo,,10
kulit,,10
hancur,,10
sempet,,10
akhir,,10
baik-baik,,10
korean,,10
bunuh,,10
betawi,,10
lama-lama,,10
kebaca,,10
jarak,,10
nama-nama,,10
tangga,,10
ceweknya,,10
pintar,,10
tetep,,10
skrub,,10
kosong,,10
mirip,,10
bau,,10
bagus-bagus,,10
ikutin,,10
ditaruh,,10
langkah,,10
siapa-siapa,,10
laku,,10
meninggal,,10
mencari,,10
nyalahin,,10
sabar-sabar,,10
layar,,10
klik,,10
ditutup,,10
bikinin,,10
dibawa,,10
ngeng,,10
yey,,10
setetes,,10
namaku,,9
ono,,9
siapin,,9
sengaja,,9
ori,,9
mahal,,9
gantian,,9
zeta,,9
akun,,9
abang,,9
ke-4,,9
iso,,9
tambah,,9
walaupun,,9
lengket,,9
bercanda,,9
tuhan,,9
cicak,,9
chan,,9
lagunya,,9
kai,,9
hutan,,9
kontrol,,9
mi,,9
bacanya,,9
putri,,9
kuat,,9
helm,,9
betul-betul,,9
memakai,,9
berkata,,9
pos,,9
mainnya,,9
bagian,,9
napa,,9
kobokan,,9
gambar,,9
justru,,9
ayu,,9
gato,,9
mesin,,9
sisa,,9
sepeda,,9
lancar,,9
isinya,,9
api,,9
asal,,9
yan,,9
cak,,9
boneka,,9
iyo,,9
syuting,,9
iyah,,9
tata,,9
kubur,,9
sehat,,9
absen,,9
okeh,,9
dingin,,9
karya,,9
kunci,,9
siap-siap,,9
dicat,,9
dibikin,,9
buaya,,9
brush,,9
perempuan,,9
teng,,9
jangan-jangan,,9
riset,,9
mekanik,,9
iyakah,,9
berisik,,9
dicek,,9
mengambil,,9
penjaga,,9
duduk,,9
dimengerti,,9
buruk,,9
hoah,,9
kerjaan,,9
bisanya,,9
menonton,,9
mana-mana,,9
mendingan,,9
bahagia,,9
ngambek,,9
pemain,,9
selnya,,9
pulangnya,,9
dimasak,,9
cakep,,9
babi,,9
satunya,,9
pulaunya,,9
angker,,9
nyam,,9
duelist,,9
melompat,,9
ngono,,8
hayo,,8
nyadar,,8
tipe,,8
selama,,8
cita-cita,,8
iki,,8
comeback,,8
eko,,8
buru-buru,,8
bales,,8
palu,,8
rizky,,8
komen,,8
tembok,,8
duyung,,8
mencoba,,8
kesel,,8
sukanya,,8
ahli,,8
manis,,8
keju,,8
nasi,,8
nambah,,8
rom,,8
roro,,8
topik,,8
tim,,8
hadiah,,8
namun,,8
ngomongnya,,8
umur,,8
review,,8
pawang,,8
pendek,,8
mataku,,8
dilihat,,8
langit,,8
entah,,8
hari-harimu,,8
misalkan,,8
alat,,8
sebuah,,8
bersama,,8
pisang,,8
kyle,,8
cerita-cerita,,8
yei,,8
opo,,8
pop,,8
aligato,,8
utuh,,8
ide,,8
toko,,8
aceh,,8
menuju,,8
lengkap,,8
sumpah,,8
tangannya,,8
ragu,,8
emosi,,8
isi,,8
cecak,,8
maka,,8
wih,,8
gabut,,8
ngetes,,8
jeruk,,8
bosen,,8
yoga,,8
btw,,8
gitu-gitu,,8
janganlah,,8
kenceng,,8
sejak,,8
deta,,8
ditembak,,8
sulit,,8
siaran,,8
april,,8
ketahuan,,8
nyangkut,,8
roti,,8
friend,,8
tentu,,8
kado,,8
nenek-nenek,,8
sono,,8
ilang,,8
saudara,,8
rena,,8
sadar,,8
imut,,8
nelpon,,8
tri,,8
saur,,8
ndah,,8
mukanya,,8
warnanya,,8
kepala,,8
subuh,,8
membaca,,8
memilih,,8
jalannya,,8
merinding,,8
main-main,,8
penuh,,8
kemudian,,8
dibuka,,8
coba-coba,,8
nobar,,8
kedengeran,,8
terbang,,8
lakukan,,8
ujung,,8
botol,,8
supercat,,8
maut,,8
ngaji,,8
dedek,,8
kotor,,8
yeyeye,,8
dc,,8
naon,,8
escape,,8
binatang,,8
mimi,,8
menangin,,8
gede-gede,,8
frank,,8
pasrah,,8
taro,,8
kakeru,,8
ditanam,,8
sahabat,,7
membawa,,7
ilmu,,7
bahas,,7
waktunya,,7
bebas,,7
jiwa,,7
dateng,,7
beri,,7
betapa,,7
dicetak,,7
awalnya,,7
balikin,,7
setingkil,,7
pahlawan,,7
kenapa-kenapa,,7
kuburkan,,7
momen,,7
keluarkan,,7
beb,,7
bakso,,7
kotak,,7
oli,,7
okay,,7
misi,,7
enaknya,,7
maksud,,7
wadah,,7
ditanya,,7
jaksel,,7
jawa,,7
sensor,,7
down,,7
paham,,7
layak,,7
dokter,,7
kabar,,7
yani,,7
hoax,,7
lahir,,7
ruangan,,7
videonya,,7
anggota,,7
sisanya,,7
art,,7
kalimat,,7
besoknya,,7
seni,,7
buah,,7
pilihan,,7
finally,,7
versi,,7
puas,,7
room,,7
jernih,,7
delapan,,7
hoi,,7
kya,,7
jas,,7
icha,,7
nyantai,,7
goreng,,7
mb,,7
ajak,,7
potato,,7
tali,,7
antarnusa,,7
singa,,7
mantep,,7
kematian,,7
ramah,,7
contoh,,7
muhammad,,7
kambing,,7
nada,,7
aksi,,7
neh,,7
sempat,,7
hukum,,7
angka,,7
look,,7
temenin,,7
nabi,,7
wajah,,7
nyawa,,7
hewan,,7
macam,,7
kebanyakan,,7
biologi,,7
nyentuh,,7
nenet,,7
miring,,7
pesawat,,7
kasar,,7
stres,,7
donat,,7
muda,,7
letkol,,7
energi,,7
biarin,,7
matanya,,7
lagi-lagi,,7
topi,,7
ogoh-ogoh,,7
teori-teori,,7
kaki,,7
spray,,7
bapaknya,,7
berada,,7
rumahku,,7
pro,,7
rules,,7
tingkat,,7
perut,,7
sahur,,7
closing,,7
tanggung,,7
lumayan,,7
ganggu,,7
ngetik-ngetik,,7
mawar,,7
news,,7
menarik,,7
mobilnya,,7
rusak,,7
stories,,7
ngeliat,,7
lampu,,7
sendirian,,7
hamil,,7
reflek,,7
pocong,,7
masalahnya,,7
night,,7
tidurnya,,7
jalan-jalan,,7
tetanggaku,,7
dimarahin,,7
pa,,7
pertandingan,,7
dog,,7
gan,,7
reload,,7
musuhnya,,7
deketin,,7
telur,,7
loncat,,7
jemput,,7
nono,,7
nikel,,7
penguin,,7
senjata,,7
file-file,,7
roads,,7
tombak,,7
bertanya,,7
misal,,7
nutupin,,7
daun-daun,,7
muat,,7
pleng,,7
plastiknya,,7
daunnya,,7
burungnya,,7
drink,,7
ayolah,,7
gril,,7
tulisannya,,7
mendayung,,7
saking,,7
seo,,7
speakers,,7
awan,,6
jauh-jauh,,6
khair,,6
really,,6
piece,,6
klip,,6
watching,,6
mo,,6
where,,6
aha,,6
iyalah,,6
sosok,,6
monyet,,6
milik,,6
dihitung,,6
ketiga,,6
soto,,6
a-a-a-a,,6
memiliki,,6
nungguin,,6
error,,6
mean,,6
malem,,6
pertanyaannya,,6
engko,,6
non,,6
ngebully,,6
cepet-cepet,,6
mon,,6
cry,,6
menerima,,6
epic,,6
mantra,,6
beda-beda,,6
meong,,6
wei,,6
back,,6
baca-baca,,6
syaikh,,6
ride,,6
misteri,,6
paksa,,6
mengerti,,6
sempurna,,6
sd,,6
mayo,,6
kompos,,6
positif,,6
jatah,,6
cash,,6
yogs,,6
tayang,,6
inggrisnya,,6
iwan,,6
kuning,,6
tanda-tanda,,6
negeri,,6
cowoknya,,6
alex,,6
sma,,6
ayat,,6
difollow,,6
ahmad,,6
membuka,,6
kota,,6
duck,,6
yeh,,6
kebiasaan,,6
jadwal,,6
yusuf,,6
suku,,6
sport,,6
rambutnya,,6
alif,,6
sorry-sorry,,6
wes,,6
teriak,,6
pecah,,6
ahok,,6
aya,,6
kemarau,,6
warga,,6
knalpot,,6
lelah,,6
wahyu,,6
seseorangnya,,6
taunya,,6
faceting,,6
kill,,6
pacet,,6
cepat-cepat,,6
ngetiknya,,6
games,,6
desain,,6
pin,,6
trust,,6
max,,6
penasaran,,6
annyeong,,6
jo,,6
hubungan,,6
takutnya,,6
ning,,6
elektrik,,6
hebat,,6
tengah-tengah,,6
kaba-kaba,,6
ngingetin,,6
galon,,6
ac,,6
mimpi,,6
hasil,,6
meeting,,6
memutar,,6
lagian,,6
mengapa,,6
cocok,,6
istrinya,,6
kering,,6
meja,,6
malaysia,,6
repot,,6
ngagetin,,6
valoran,,6
temanku,,6
pelan-pelan,,6
player,,6
cie,,6
ngirim,,6
bilangin,,6
hijau,,6
membeli,,6
ke-3,,6
12.00,,6
biru,,6
ken,,6
billing,,6
tanggal,,6
singkat,,6
seram,,6
lemari,,6
seri,,6
segera,,6
masukin,,6
rok,,6
elevator,,6
percuma,,6
ngikutin,,6
tetangga,,6
kondisi,,6
jalur,,6
banting,,6
sebelumnya,,6
diatas,,6
sisi,,6
bayangan,,6
balkon,,6
rumahnya,,6
pengalaman,,6
utama,,6
area,,6
dipilih,,6
terbaik,,6
intinya,,6
pas-pasan,,6
positive,,6
sang,,6
rileks,,6
pusing,,6
lempar,,6
wkwk,,6
perjalanan,,6
ngapa-ngapain,,6
menjaga,,6
katakan,,6
al,,6
heboh,,6
mode,,6
dewi,,6
match,,6
berubah,,6
nge-rap,,6
ngejar,,6
dikejar,,6
security,,6
zat,,6
dwi,,6
tibet,,6
nyalain,,6
daya,,6
stok,,6
menjauh,,6
beliin,,6
jokowi,,6
tepat,,6
angeles,,6
setia,,6
mesti,,6
bebek,,6
tombol,,6
memancing,,6
bentuknya,,6
heel,,6
semangka,,6
school,,6
matang,,6
burung-burung,,6
gendong,,6
cup,,6
lololo,,6
tidurin,,6
gelasnya,,6
menyerah,,6
rendah,,6
boat,,6
opi,,6
jarang,,6
smoking,,6
neon,,6
kembang-kempis,,6
bomnya,,6
saget,,6
nafsu,,6
omen,,6
berputar,,6
marsya,,6
penyembuhan,,6
vesti,,5
tebak,,5
tembakau,,5
ambilnya,,5
ee,,5
cuit,,5
gambarnya,,5
ular,,5
menangis,,5
memberi,,5
khan,,5
mengaku,,5
dipanggil,,5
raya,,5
siapapun,,5
naksir,,5
cair,,5
masha,,5
pria,,5
botak,,5
nemu,,5
ngawur,,5
nge-review,,5
mikirnya,,5
obat,,5
peduli,,5
membantu,,5
loading,,5
nak,,5
nona,,5
de,,5
dada,,5
paha,,5
termasuk,,5
setidaknya,,5
un,,5
zero,,5
tol,,5
hm,,5
kijang,,5
kopling,,5
ramma,,5
survei,,5
michael,,5
saran,,5
tu,,5
temanimu,,5
kemungkinan,,5
belakangan,,5
teriakan,,5
meskipun,,5
perkenalkan,,5
halnya,,5
fotonya,,5
hampa,,5
enggan,,5
melangkah,,5
menatap,,5
selimuti,,5
bayar,,5
gagal,,5
nyonya,,5
konon,,5
end,,5
wuih,,5
bayangin,,5
musim,,5
bego,,5
woah,,5
timur,,5
munculnya,,5
nyong,,5
kebo,,5
nda,,5
wedding,,5
bobrok,,5
dik,,5
kapten,,5
yee,,5
jasmine,,5
cerai,,5
ki,,5
klien,,5
bbm-nya,,5
ujan,,5
sinari,,5
doa-doa,,5
healthy,,5
pacarnya,,5
menghargai,,5
mesinnya,,5
omongan,,5
nantinya,,5
vallen,,5
aslinya,,5
kyt,,5
keknya,,5
sia,,5
peta,,5
seorangnya,,5
doni,,5
kupu,,5
sas,,5
david,,5
nyaris,,5
sule,,5
aturan,,5
jakarta,,5
ngecat,,5
gitarnya,,5
tetet,,5
lem,,5
hafal,,5
ketua,,5
bunda,,5
panggil,,5
kubilang,,5
cacat,,5
naiknya,,5
dede,,5
ribet,,5
webnya,,5
pesannya,,5
truk,,5
reaksi,,5
menghilangkan,,5
depannya,,5
doain,,5
akui,,5
ae,,5
nana,,5
iman,,5
tas,,5
ehe,,5
hpnya,,5
bentuk,,5
yakni,,5
kebuka,,5
logika,,5
tekan,,5
sekian,,5
seluruh,,5
jemur,,5
dosen,,5
pola,,5
skripsi,,5
ditinggal,,5
ngebut,,5
saat-saat,,5
nur,,5
bapakku,,5
otw,,5
izin,,5
kanada,,5
tengkyu,,5
kutu,,5
nyesel,,5
kawan,,5
deng,,5
terlihat,,5
jengkol,,5
rapat,,5
terbuka,,5
antar,,5
kepalanya,,5
goyang,,5
insight,,5
sedangkan,,5
tertutup,,5
menghilang,,5
tetangganya,,5
belanda,,5
kenapa-napa,,5
dewa,,5
nyetir,,5
tempatnya,,5
kebetulan,,5
harimau,,5
masukkin,,5
baduy,,5
wis,,5
nengok,,5
natal,,5
mainan,,5
hem,,5
pegang,,5
helikopter,,5
ranjang,,5
mati-mati,,5
taichan,,5
umum,,5
gerak,,5
adakah,,5
disana,,5
ngecek,,5
bersama-sama,,5
pemakaman,,5
diskon,,5
ganda,,5
dongeng,,5
ngaruh,,5
baiklah,,5
bae,,5
lebay,,5
darah,,5
wajib,,5
fish,,5
dokumen,,5
akeh,,5
ageng,,5
surya,,5
datangkan,,5
kesehatan,,5
wc,,5
bengkel,,5
mayat,,5
curang,,5
maafkan,,5
gedean,,5
guguk,,5
ngumpulin,,5
karo,,5
jamur,,5
serta,,5
kefir,,5
milih,,5
murni,,5
elo,,5
ucap,,5
lanjutkan,,5
kepulauan,,5
keributan,,5
tanaman,,5
nyoba,,5
spam,,5
grillnya,,5
pulau-pulau,,5
tebang,,5
kelapa,,5
ga,,5
banteng,,5
nitip,,5
nyebur,,5
tusuk,,5
makan-makan,,5
boleh-boleh,,5
amat,,5
membutuhkan,,5
koh,,5
persis,,5
selebriti,,5
map,,5
melakukannya,,5
turut,,5
kidul,,5
bolehlah,,5
masakin,,5
surga,,5
bagi-bagi,,5
biarkan,,5
crepes,,5
plants,,5
kuku,,5
fresh,,5
ngajar,,5
tujuan,,5
begitulah,,5
salju,,5
ngapa-ngapa,,5
nembak,,5
sinergi,,5
sagu-sagu,,5
rame,,5
rina,,5
rifai,,5
gugup,,5
bokongmu,,5
memuat,,5
pelet,,4
ding,,4
nagih,,4
bun,,4
ma,,4
daftar,,4
ski,,4
angel,,4
capai,,4
sign,,4
temannya,,4
mangkok,,4
hore,,4
amazing,,4
saku,,4
ngelakuin,,4
ungu,,4
chord,,4
enno,,4
kain,,4
nginep,,4
mint,,4
steam,,4
berat,,4
gws,,4
lulus,,4
crazy,,4
rara,,4
gol,,4
matinya,,4
ilham,,4
komputer,,4
nehe,,4
yuri,,4
seta,,4
yunus,,4
ampuh,,4
kodok,,4
nyamuk,,4
tubuh,,4
telinga,,4
seandainya,,4
lapor,,4
ina,,4
wae,,4
streamingnya,,4
kwon,,4
cukai,,4
eniwei,,4
sehari,,4
tiket,,4
yeye,,4
ketut,,4
celana,,4
kang,,4
otak,,4
bali,,4
riau,,4
ditekan,,4
teknologi,,4
bijian,,4
suaraku,,4
tipu-tipu,,4
enakan,,4
pala,,4
badan,,4
dikit-dikit,,4
ombak,,4
dedes,,4
doh,,4
mercusuar,,4
pantas,,4
mendapat,,4
semakin,,4
luas,,4
kubuka,,4
bergema,,4
genangi,,4
ultah,,4
temani,,4
hilangkan,,4
sebetulnya,,4
teguh,,4
perasaan,,4
manggilnya,,4
kalinya,,4
kubus,,4
ritualnya,,4
jemuran,,4
obatnya,,4
dikira,,4
basket,,4
iyan,,4
tidaknya,,4
yao,,4
agak-agak,,4
wibowo,,4
sobat,,4
dunia,,4
poin,,4
link,,4
feeling,,4
darahnya,,4
inu,,4
dikenal,,4
lihat-lihat,,4
logo,,4
wasting,,4
antara,,4
hal-hal,,4
tttttttttt,,4
nampak,,4
kubikin,,4
kobok,,4
edo,,4
dua-duanya,,4
receh,,4
find,,4
jenis,,4
sistem,,4
mobile,,4
subrek,,4
adi,,4
11.00,,4
selesaikan,,4
artis,,4
pagi-pagi,,4
tenggelam,,4
sungai,,4
bordir,,4
ai,,4
hitam,,4
sopo,,4
indo,,4
titik,,4
jelajah,,4
fitur,,4
angkut,,4
fuwa,,4
stage,,4
bjm,,4
bertemu,,4
semi,,4
roda,,4
donation,,4
rito,,4
ndut,,4
pacak,,4
dona,,4
sate,,4
bocil,,4
nusa,,4
wilson,,4
fungsi,,4
tasnya,,4
disebut,,4
rohnya,,4
ahlinya,,4
sim,,4
bilangnya,,4
sel-sel,,4
tingkil,,4
ji,,4
la,,4
blade,,4
singkil,,4
fat,,4
haus,,4
sasageo,,4
na,,4
lee,,4
injak,,4
tebak-tebakan,,4
anakku,,4
gamer,,4
murah,,4
karantina,,4
seringnya,,4
latihan,,4
bi,,4
haloo,,4
gaib,,4
neneknya,,4
pelajaran,,4
begituan,,4
share,,4
faktor,,4
bunyinya,,4
sarkasme,,4
joknya,,4
tips,,4
nini-nini,,4
yaya,,4
net-nya,,4
kapok,,4
islam,,4
nanti-nanti,,4
nyi,,4
berlalu,,4
notifnya,,4
situasi,,4
ramai,,4
version,,4
apalah,,4
etos,,4
aktif,,4
umatnya,,4
bet,,4
khai,,4
going,,4
ditranslate,,4
populer,,4
indeed,,4
password,,4
memori,,4
macau,,4
tank,,4
forever,,4
kalah,,4
wait,,4
keinget,,4
design,,4
ngakak,,4
tengok,,4
ekstrim,,4
kulihat,,4
twitter,,4
tinju,,4
janda,,4
bernama,,4
boboiboy,,4
ditanyain,,4
discord,,4
warnet,,4
qobul,,4
udara,,4
judul,,4
jeta,,4
vs,,4
websitenya,,4
mahasiswa,,4
jono,,4
tong,,4
huruf,,4
mendapatkan,,4
peraturan,,4
ngajakin,,4
tersesat,,4
re,,4
kecilnya,,4
ceritain,,4
macet,,4
nine,,4
damang,,4
olahraga,,4
server,,4
bayangkan,,4
menyebut,,4
singlet,,4
buset,,4
paket,,4
hapus,,4
krisis,,4
beo,,4
lapangan,,4
mitra,,4
angela,,4
cuba,,4
pet,,4
galih,,4
cintaku,,4
ngefans,,4
boom,,4
des,,4
pamit,,4
hordeng,,4
pasien,,4
telat,,4
sehingga,,4
mencapai,,4
didepan,,4
berdoa,,4
mengikuti,,4
mom,,4
put,,4
bapak-bapak,,4
pianonya,,4
berjalan,,4
bekas,,4
bangunan,,4
horornya,,4
keluargaku,,4
pergilah,,4
keliatan,,4
mamanya,,4
drive,,4
dewasa,,4
penelepon,,4
misterius,,4
sekeluarga,,4
square,,4
ditabrak,,4
kecelakaan,,4
harapan,,4
paginya,,4
enam,,4
kegiatan,,4
berlari,,4
mal,,4
kamarnya,,4
saatnya,,4
banyak-banyak,,4
kuntilanak,,4
tawa,,4
mengalami,,4
baikan,,4
ngerasa,,4
ruko,,4
menyeramkan,,4
tokoh,,4
kedengaran,,4
read,,4
wireless,,4
mulanya,,4
suara-suara,,4
lari-lari,,4
nyamperin,,4
mikirin,,4
ketawa-ketawa,,4
led,,4
kolam,,4
ketutup,,4
lampunya,,4
sebutannya,,4
fix,,4
nontonnya,,4
anehnya,,4
tiba,,4
gerbang,,4
asih,,4
date,,4
kelaparan,,4
mencium,,4
sensitif,,4
pengertian,,4
makhluk,,4
bentar-bentar,,4
minna,,4
mejanya,,4
kmu,,4
jumpa,,4
pay,,4
tato,,4
itik,,4
trobos,,4
pejuang,,4
nontonin,,4
backup,,4
ran,,4
tokyo,,4
mukena,,4
ultra,,4
jogja,,4
go-jek,,4
semen,,4
booster,,4
vaksin,,4
amankah,,4
kaise,,4
craft,,4
mengasihi,,4
cumi,,4
jelas-jelas,,4
greeting,,4
yahya,,4
heh,,4
kirim-kirim,,4
hidupku,,4
presiden,,4
kuda-kudaan,,4
nyalakan,,4
royal,,4
miami,,4
keratin,,4
nomornya,,4
wakwakwakwakwak,,4
objection,,4
maret,,4
bahasanya,,4
pindahan,,4
sakitnya,,4
janji,,4
ngedit,,4
mengingat,,4
keadaan,,4
bagusnya,,4
komedian,,4
drag,,4
dibully,,4
permisi,,4
grupnya,,4
nanyain,,4
aw,,4
city,,4
sebanyak,,4
relaxing,,4
cobain,,4
nget,,4
hohoho,,4
kela,,4
stuck,,4
simpen,,4
stored,,4
syaiful,,4
sel,,4
peleng,,4
bendera,,4
peka,,4
keburu,,4
pancing,,4
dingo,,4
umpan,,4
ngambilnya,,4
melawan,,4
desa,,4
ketombe,,4
hulk,,4
black,,4
gigit,,4
bucket,,4
silver,,4
hints,,4
sunset,,4
mampu,,4
eropa,,4
dasar,,4
aman-aman,,4
ngemeng,,4
gedein,,4
mencet,,4
kerjanya,,4
wall,,4
butuhkan,,4
label,,4
cap,,4
korek,,4
sementara,,4
angkernya,,4
roof,,4
gih,,4
gadis,,4
pantang,,4
sendok,,4
biaya,,4
soffel,,4
gali,,4
keke,,4
party,,4
halte,,4
tag,,4
jaring,,4
dirimu,,4
gizi,,4
gunakan,,4
bopeng,,4
bantuin,,4
matikan,,4
agus,,4
bugil,,4
gokil,,4
coy,,4
pulsa,,4
makai,,4
cenot,,4
pembahasan,,4
ratu,,4
smoker,,4
inisiator,,4
ganteng,,4
skinnya,,4
tray,,4
ultimate,,4
300k,,4
gogogogogo,,4
robotnya,,4
tiupin,,4
standing,,4
gombalan,,4
tsum,,4
nembus,,4
sniper,,4
stainless,,4
uti,,4
odin,,4
thread,,4
bokong,,4
pistolnya,,4
bermasalah,,4
puluh,,4
[musik,,4
chennai,,4
nek,,3
menurutmu,,3
minah,,3
aqua,,3
koma,,3
phone,,3
jatuh-jatuh,,3
kopi,,3
maem,,3
begadang,,3
sims,,3
khas,,3
berasa,,3
tepar,,3
pasar,,3
tony,,3
awet,,3
anoa,,3
imin,,3
chinese,,3
jul,,3
bitch,,3
harga,,3
mengenai,,3
majalah,,3
yi,,3
ras,,3
omongin,,3
berambut,,3
sepanjang,,3
hemat,,3
aulia,,3
beta,,3
calon,,3
diesel,,3
nyetok,,3
yul,,3
murid,,3
ataupun,,3
wak,,3
chatkoo,,3
tabah,,3
ponpon,,3
musiknya,,3
teriak-teriak,,3
nanya-nanya,,3
tosca,,3
jeju,,3
puzzle,,3
dikatain,,3
reni,,3
setempat,,3
aryo,,3
masjid,,3
cika,,3
nara,,3
kertas,,3
hoki,,3
bubur,,3
risiko,,3
pensil,,3
base,,3
zoro,,3
tega,,3
3.00,,3
check,,3
menemani,,3
care,,3
tea,,3
sabtu,,3
yin,,3
lebar,,3
death,,3
ponsel,,3
pengingat,,3
testi,,3
asu,,3
takkan,,3
eek,,3
gile,,3
lafalkan,,3
rizal,,3
salam,,3
tulus,,3
suhu,,3
tokek,,3
ost,,3
menguap,,3
ditakuti,,3
disuruh-suruh,,3
burhan,,3
kalimatnya,,3
aduhai,,3
waalaikum,,3
sak,,3
tahan,,3
roy,,3
coboy,,3
ukir,,3
fany,,3
konyol,,3
menambah,,3
setuju,,3
officer,,3
document,,3
modem,,3
tugasnya,,3
cermin,,3
davina,,3
bisnis,,3
grafik,,3
kumpul,,3
koko,,3
kumpulkan,,3
desember,,3
catat,,3
cm,,3
deket-deket,,3
noda,,3
ngebet,,3
unik,,3
kiss,,3
tersenyum,,3
bantala,,3
seakan,,3
bagai,,3
tersendiri,,3
editing,,3
testimoni,,3
memanggil,,3
ajeng,,3
memicu,,3
kontak,,3
berlaku,,3
cacing,,3
gita,,3
elit,,3
komik,,3
instrumen,,3
klaim,,3
bersemangat,,3
satu-satu,,3
matematika,,3
ikon,,3
tv-nya,,3
kecuali,,3
ndan,,3
kumpulin,,3
ngehang,,3
meminta,,3
rangers,,3
komentar,,3
pertamanya,,3
mv,,3
mastering,,3
vokal,,3
voting,,3
aero,,3
pm2,,3
kukus,,3
joox,,3
keren-keren,,3
bungaku,,3
10.00,,3
rek,,3
pink,,3
brand,,3
bruce,,3
days,,3
dance,,3
emina,,3
jitu,,3
warnain,,3
figur,,3
client,,3
tni,,3
matiin,,3
hidungnya,,3
willy,,3
kwe,,3
hu,,3
maupun,,3
ogah,,3
demo,,3
dame,,3
nasional,,3
cah,,3
play-doh,,3
luka,,3
damai,,3
meh,,3
cuci,,3
manager,,3
bibir,,3
sunshine,,3
niggato,,3
luna,,3
kato,,3
cina,,3
gumawo,,3
pita,,3
sepatutnya,,3
disebutnya,,3
budiman,,3
cabang,,3
agung,,3
padang,,3
deskripsinya,,3
kerupuk,,3
ig,,3
gen,,3
candra,,3
ditulis,,3
anata,,3
marcelino,,3
jefri,,3
bocor,,3
toyib,,3
kekasihnya,,3
tengahnya,,3
naura,,3
tari,,3
dikobok,,3
factor,,3
musang,,3
turu,,3
abdul,,3
polisi,,3
disingkat,,3
sopankah,,3
rahma,,3
kubaca,,3
ros,,3
bp,,3
adik,,3
fadli,,3
julia,,3
subscene,,3
seakan2,,3
sihir,,3
elsa,,3
shadow,,3
baiknya,,3
aamir,,3
ngomonglah,,3
wib,,3
krimnya,,3
kontennya,,3
dipikir,,3
terkadang,,3
isya,,3
obok-obok,,3
ampe,,3
ngamuk,,3
kokobop,,3
motivasi,,3
menilai,,3
ucapin,,3
diganti,,3
sombong,,3
mp4,,3
aset,,3
ara,,3
enak-enak,,3
ngekill,,3
helmnya,,3
bukanya,,3
gameplay,,3
tulang,,3
buku-buku,,3
celine,,3
dita,,3
yay,,3
dorong,,3
tahu-tahu,,3
kit,,3
wulan,,3
sebagus,,3
pesisir,,3
satir,,3
ngopo,,3
sosial,,3
m-san,,3
insan,,3
tidak-tidak,,3
kuncinya,,3
matte,,3
uji,,3
eminor,,3
aminor,,3
chance,,3
encan,,3
sociabuzz,,3
nahkoda,,3
bbm,,3
terhadap,,3
ido,,3
edi,,3
tampil,,3
panggung,,3
tunggul,,3
baguslah,,3
surat,,3
penonton,,3
koboan,,3
suka-suka,,3
gw,,3
omedeto,,3
diva,,3
semalaman,,3
untunglah,,3
salahin,,3
agama,,3
tyson,,3
emi,,3
berakhir,,3
sayangku,,3
knapa,,3
kocak,,3
kene,,3
gaul,,3
cita-citanya,,3
berumur,,3
wong,,3
madu,,3
putar,,3
tempatku,,3
hujannya,,3
negatif,,3
anti,,3
niatan,,3
rem,,3
wealth,,3
mulut,,3
iqbal,,3
konsol,,3
visi,,3
cimol,,3
jajan,,3
mening,,3
raja,,3
micin,,3
dicoba,,3
sialan,,3
suaminya,,3
diaduin,,3
nyuruh-nyuruh,,3
dosanya,,3
gordon,,3
dinaikin,,3
pedas,,3
untukmu,,3
papanya,,3
bulu,,3
curah,,3
bayu,,3
butar,,3
piye,,3
kumaha,,3
roh,,3
truknya,,3
berita,,3
bahan,,3
donatnya,,3
cimindi,,3
tergantung,,3
kebun,,3
duren,,3
jimin,,3
pendengaran,,3
ngangkat,,3
saranghaeyo,,3
saranghae,,3
kuburan,,3
okenya,,3
mc,,3
pian,,3
odong-odong,,3
cake,,3
nyanyi-nyanyi,,3
suami,,3
ndasmu,,3
sio,,3
tiang,,3
batak,,3
kenzou,,3
penunggunya,,3
kenongo,,3
dapur,,3
tamu,,3
ritmis,,3
usir,,3
injeksi,,3
1.00,,3
pusat,,3
pasiennya,,3
jaka,,3
staf,,3
universitas,,3
gedung,,3
mereka-mereka,,3
pintunya,,3
dimanapun,,3
menceritakan,,3
osis,,3
mengadakan,,3
padamu,,3
tertidur,,3
mencekam,,3
lurus,,3
setirnya,,3
liat,,3
sopir,,3
jose,,3
tenang-tenang,,3
radionya,,3
kisah,,3
rokok,,3
setir,,3
menghindari,,3
introduction,,3
terputus,,3
kesalahan,,3
membunuh,,3
terang,,3
bangsal,,3
beginian,,3
parkir,,3
penerangan,,3
perkembangan,,3
punten,,3
moral,,3
buzz,,3
basecamp,,3
jimat,,3
pasalnya,,3
bila,,3
pekerjaan,,3
trek,,3
sebab,,3
gunanya,,3
kesurupan,,3
kakinya,,3
kompleks,,3
uc,,3
ajalah,,3
muncullah,,3
diajak,,3
dijemput,,3
ibuku,,3
ditempel,,3
sikap,,3
akur,,3
iseng,,3
bonekanya,,3
kebelakang,,3
jagain,,3
kerjaannya,,3
barengan,,3
mens,,3
aisyah,,3
atasnya,,3
malu-malu,,3
kebawah,,3
tblt,,3
lembur,,3
berharap,,3
rekaman,,3
pipis,,3
diturunin,,3
cctv,,3
terdengar,,3
genit,,3
dibohongin,,3
usia,,3
tebel,,3
tarra,,3
berdampingan,,3
ustad,,3
mungkinlah,,3
auto,,3
daerah,,3
ceo,,3
sajalah,,3
dibuat,,3
lahan,,3
bumi,,3
tujuh,,3
kejauhan,,3
oke-oke,,3
meteor,,3
evan,,3
gatal,,3
tia,,3
makanlah,,3
mengingatkan,,3
pr,,3
dikirim,,3
alasan,,3
segi,,3
jual,,3
turis,,3
yak,,3
cv,,3
kaila,,3
ojo,,3
mayatnya,,3
oni,,3
mak,,3
bising,,3
kebangsaan,,3
kogoya,,3
tonton,,3
pancingannya,,3
aini,,3
diklik,,3
pooh,,3
wizards,,3
haruskah,,3
misi-misi,,3
bawang,,3
backstabbing,,3
lewatin,,3
bisakah,,3
sekuriti,,3
nggak-nggak,,3
salah-salah,,3
untung,,3
ane,,3
ngumpet,,3
onoh,,3
gocek,,3
muter-muter,,3
bk,,3
enden,,3
hih,,3
leader,,3
secure,,3
lupain,,3
datsun,,3
dibawah,,3
cerah,,3
swt,,3
melihatnya,,3
mewek,,3
sembunyi,,3
puyeng,,3
minuman,,3
enteng,,3
per,,3
metu,,3
menyenangkan,,3
riang,,3
nang,,3
baka,,3
azzeta,,3
blacksmith,,3
reffnya,,3
liriknya,,3
rutin,,3
tinggalkan,,3
jeda,,3
mangga,,3
tewas,,3
urusan,,3
yesus,,3
batuk,,3
menabung,,3
paulus,,3
chat-an,,3
kuda-kuda,,3
mintanya,,3
seluruhnya,,3
ekornya,,3
sekali-kali,,3
bersuara,,3
mei,,3
mw,,3
makannya,,3
candi,,3
menjawab,,3
ambek,,3
widya,,3
sewa,,3
idul,,3
klo,,3
novi,,3
sori,,3
morysenpai,,3
pingin,,3
utututu,,3
sok,,3
kemaren,,3
berkokok,,3
maneh,,3
silahkan,,3
diapain,,3
ham,,3
turun-turun,,3
menikmati,,3
ngebikin,,3
daus,,3
lepas,,3
salma,,3
ngegas,,3
naikkan,,3
memotong,,3
nambang,,3
dihidupin,,3
diminta,,3
game-nya,,3
lemes,,3
dira,,3
screenshot,,3
meminum,,3
ngeledek,,3
bencana,,3
tik,,3
matamu,,3
merendahkan,,3
gotong,,3
karang,,3
matahari,,3
mancingnya,,3
sebiji,,3
inget-inget,,3
metalindo,,3
ikan-ikan,,3
turunin,,3
pinggir,,3
otot,,3
nanas,,3
habib,,3
mengetahui,,3
segede,,3
bulannya,,3
ngada-ngada,,3
barang-barangnya,,3
kero,,3
makna,,3
terdampar,,3
pengemudi,,3
kemakan,,3
tinggi-tinggi,,3
los,,3
belle,,3
inikah,,3
pir,,3
betulin,,3
belakangnya,,3
filenya,,3
inventori,,3
menyelamatkan,,3
dirasa,,3
slamet,,3
elastis,,3
barangku,,3
berbahaya,,3
jatuhin,,3
togel,,3
tiduran,,3
kekuatan,,3
torres,,3
ukuran,,3
mancing-mancing,,3
yaudahlah,,3
asin,,3
mentah,,3
gombal,,3
apa-apanya,,3
looting,,3
stabil,,3
hiasi,,3
dayungnya,,3
tidur-tidur,,3
akut,,3
seger,,3
esok,,3
ngebak,,3
sanggup,,3
putus,,3
saling,,3
beliau,,3
jualan,,3
roket,,3
lupakan,,3
nyangka,,3
berdasarkan,,3
dibuang,,3
ayo-ayo,,3
obeng,,3
pedayung,,3
tolol,,3
menjeda,,3
hela,,3
dikata,,3
meong-meong,,3
tikus,,3
kentang,,3
tentangnya,,3
hafidz,,3
kenya,,3
mulutnya,,3
biasa-biasa,,3
santet,,3
iya-iya,,3
rasain,,3
segaris,,3
rupiah,,3
mampir,,3
berkat,,3
karma,,3
mae,,3
left,,3
minumnya,,3
magus,,3
dipegang,,3
saudaraku,,3
panennya,,3
peluk,,3
ngeri,,3
ado,,3
jaket,,3
rela,,3
dibongkar,,3
kereta,,3
subyek,,3
brimstone,,3
kurasa,,3
putar-putar,,3
cocoklogi,,3
havana,,3
cuaca,,3
membaik,,3
bolanya,,3
alay,,3
mithi,,3
bulek,,3
peti,,3
xplayer,,3
rajanya,,3
spectre,,3
seekor,,3
naya,,3
gombalin,,3
bohongin,,3
sintetis,,3
menyumbang,,3
zazaazaria97,,3
trims,,3
dcdc,,3
riza,,3
lihatin,,3
nyeri,,3
anjing-anjing,,3
speknya,,3
gregetan,,3
gore,,3
reog,,3
enai,,3
saringan,,3
sheriff,,3
penampilan,,3
kesemua,,3
januari,,3
putaran,,3
skye,,3
point,,3
mengungkapkan,,3
menemukan,,3
pertarungan,,3
ubur-ubur,,3
ronde,,3
wali,,3
bersenang-senang,,3
demit,,3
bula,,3
gurih,,3
coret-coret,,3
