hai,18420
aku,14164
ya,13405
ini,8452
oke,8105
yang,7061
udah,6445
nggak,6195
itu,6156
ada,5595
sih,5333
di,4852
bisa,4821
enggak,4693
kamu,4644
kita,4485
kalau,4037
mau,3754
apa,3711
lagi,3685
nih,3202
gitu,3197
aja,3073
tuh,3022
kalian,2923
kayak,2567
iya,2559
jadi,2493
kan,2277
ke,2239
banget,2227
juga,2195
gimana,2160
tapi,2136
dulu,2127
deh,2111
tadi,2047
nah,2000
tahu,1860
dari,1748
terus,1667
jangan,1610
kenapa,1580
dan,1564
kau,1551
sama,1495
kok,1489
​​,1488
mana,1471
sini,1461
​​​,1354
kasih,1331
harus,1326
bukan,1274
aduh,1265
nanti,1259
ayo,1216
semua,1202
dia,1182
masih,1173
saya,1150
coba,1144
tidak,1137
pakai,1059
nya,1038
ngomong,1032
karena,1026
belum,1024
halo,1012
punya,1011
ni,990
yo,971
satu,955
mati,954
bikin,941
siapa,935
lebih,918
atau,917
gak,910
buat,898
orang,898
dong,895
banyak,879
hehehe,871
untuk,854
sekarang,852
loh,807
boleh,800
mungkin,795
lah,784
emang,774
makan,754
terima,754
sudah,751
sampai,749
lihat,748
hah,740
butuh,724
suka,702
cuma,683
maaf,679
kali,639
gini,620
dengan,616
makasih,609
baru,604
pernah,581
langsung,579
ngasih,579
hari,572
soalnya,564
paling,552
akan,550
salah,550
mo,550
doang,540
apa-apa,536
biar,535
habis,529
sekali,519
bentar,517
baca,516
naik,516
kayaknya,502
tidur,493
sendiri,491
maksudnya,480
om,478
tolong,477
tak,473
indonesia,465
gila,461
mereka,458
namanya,458
enak,457
hei,451
jam,447
pasti,444
memang,440
disini,433
gue,432
dua,426
bagus,426
woi,425
pengen,424
sebenarnya,423
sabar,421
yuk,419
yah,415
semuanya,411
begitu,410
bilang,410
atas,410
masuk,409
misalnya,409
ngapain,408
air,407
udahlah,407
ngerti,407
katanya,397
minum,396
sangat,395
susah,384
lain,383
lupa,381
dah,381
ambil,377
pas,376
ia,371
bener,370
serius,370
makanya,368
just,367
wah,365
pada,361
nama,355
kayla,351
balik,348
bawah,348
adalah,344
waktu,342
depan,342
keren,342
tunggu,340
lu,340
si,340
takut,336
usah,335
mami,331
situ,329
mulai,328
nonton,327
pokoknya,325
besok,323
na,323
kobo,319
semangat,318
suara,313
berarti,313
saja,310
rumah,305
teh,302
lanjut,300
mbak,299
berapa,299
bakal,299
oleh,288
ntar,287
cepat,287
beneran,286
betul,283
selesai,280
hanya,279
cara,278
bingung,278
jalan,274
baik,274
mah,274
ikan,273
cat,272
apaan,270
kiri,270
cepet,268
biasa,268
bohong,268
bahasa,268
sana,267
ayah,267
dalam,265
jatuh,264
siap,264
gede,262
buka,261
benar,261
ternyata,258
kecil,257
keluar,257
kemarin,256
cukup,255
kurang,254
lewat,253
anda,253
kak,250
tinggal,250
lucu,249
sakit,249
hidup,249
hilang,249
lama,246
malam,244
kemana,243
turun,243
masa,242
seperti,242
akhirnya,238
kah,237
merah,236
belakang,234
waduh,234
lalu,234
tiga,234
harusnya,231
begini,230
pagi,229
terlalu,229
bangun,228
beli,228
aneh,228
dapat,225
cerita,224
astaga,222
cuman,221
tempat,219
apakah,215
cari,215
selalu,214
tetap,213
nanya,212
udah-udah,211
kanan,211
huhuhu,210
ketawa,209
semoga,208
gua,208
penting,207
saat,205
perlu,205
bu,205
pulau,205
de,202
kami,202
kapan,201
dimana,201
anak,199
santai,198
ndak,197
bintang,197
tenang,195
plastik,193
hujan,193
tinggi,192
warna,192
makin,192
jauh,189
makanan,189
pun,189
kek,188
setelah,187
kata,186
tet,186
kambing,185
nenek,185
menjadi,182
allah,182
ketemu,181
donna,181
tengah,180
datang,180
sering,179
daun,178
sebentar,176
pencet,176
batu,176
serem,175
yaudah,174
kena,173
tiba-tiba,173
tahun,172
ii​,171
tutup,170
neng,169
luar,169
hiu,169
caranya,169
ampun,168
pergi,166
mata,165
pak,165
malah,164
disitu,163
biasanya,162
belajar,162
kowe,161
tau,161
bareng,161
biru,161
minta,160
sambil,160
pintu,160
really,159
pertama,159
ingin,158
bang,158
hampir,157
ngetik,157
ganti,157
sebelum,157
ibu,157
laut,156
percaya,156
mas,155
ela,155
bisa-bisa,155
agak,154
apalagi,154
tanya,154
nene,153
parah,152
nomor,151
ulang,151
kubu,151
maju,150
bawa,150
selamat,148
donasi,148
kerja,147
hihihi,145
yaitu,145
aman,145
para,144
putih,144
​koe,144
hal,143
beda,143
kuning,143
weh,142
kesini,142
sesuatu,141
empat,141
senpai,141
mandi,140
sayang,140
ting,139
terakhir,139
pulang,139
suaranya,139
marah,139
donasinya,139
kenal,138
hati,138
dikit,137
ngambil,137
taruh,137
tes,136
kadang,135
capek,134
biji,134
gara-gara,133
jika,133
mohon,133
inget,133
awas,132
lari,131
minggu,131
setiap,130
seru,130
bukannya,130
ku,129
ga,129
ada-ada,128
dapet,128
pegang,128
ikut,128
lainnya,127
kaya,127
bener-bener,127
mobil,126
melihat,126
tentang,126
diri,126
​donna,126
sore,125
cantik,125
teteh,125
kasihan,125
menit,125
kalo,125
kayu,124
dek,123
maunya,123
fishing,123
mo​,123
awal,122
dragon,122
okay,122
fokus,122
nyanyi,122
sayur,121
ella,120
tua,120
sepatu,120
​hade,120
teori,119
nunggu,119
nangis,118
ininya,118
mulu,118
kirim,118
elah,117
mainnya,117
games,117
gws,117
abis,117
where,117
lagu,116
jelas,116
more,115
mari,115
cek,114
mudah,114
masalah,114
burung,114
iro,114
ama,113
sebagai,112
nyari,112
nasi,112
kaget,112
noah,111
horor,111
mending,111
kira,111
dimas,111
toh,110
jangan-jangan,110
sedang,110
kapal,110
benar-benar,110
dewi,110
foto,109
hari-hari,109
seneng,109
mancing,109
atuh,109
sekolah,109
muncul,109
dikasih,108
berhenti,108
ceritanya,108
okelah,108
jelek,108
isi,107
es,107
asyik,107
setengah,107
orangnya,106
sono,106
yg,105
review,105
ingat,105
jadinya,104
trust,104
er,104
teman,104
bakso,104
telah,103
kelihatan,102
diambil,102
bapak,102
kirain,101
temen,101
suruh,101
sebelah,100
tangan,100
wortel,100
kaki,100
barang,100
bobok,100
males,99
mimpi,99
diam,99
duit,99
lima,99
tanpa,98
ne,98
gelas,98
cetak,98
cowok,97
kagak,97
soal,97
ngomongin,96
beberapa,96
cewek,96
zenbu,96
hebat,95
bagaimana,95
jago,95
jawab,95
berdua,95
demi,95
disuruh,94
susu,94
doa,94
mantap,94
meledak,94
kimia,94
muka,93
entar,93
padahal,93
rezeki,93
inilah,93
berusaha,93
lex,92
sesuai,92
itulah,92
pikir,92
dateng,92
nyampe,92
sekalian,92
mu,91
amin,90
sehat,90
menurut,90
pilih,90
ai,90
dayung,90
berani,89
bersih,89
mundur,89
slank,89
silakan,89
ngelihat,89
goreng,88
tim,88
seorang,88
kedua,88
bodoh,88
friend,87
sedih,87
ketik,87
supaya,87
dibawa,87
itunya,87
dekat,87
tips,87
aw,87
kucing,86
pohon,86
menang,85
dunia,85
anjing,85
sekian,85
tanda,85
gampang,85
kupu-kupu,84
timing,84
baterai,84
artinya,84
nia,84
asal,84
baju,84
anu,84
gelap,84
duluan,84
bakar,84
kunci,84
gitulah,84
oli,84
ngantuk,83
news,83
pa-pa,83
hantu,83
kakak,83
ride,82
minyak,82
senin,82
noh,81
gigi,81
dipakai,81
hati-hati,81
wes,81
deket,81
mi,81
gaya,81
manis,81
right,81
orang-orang,81
loncat,81
tetew,81
dengar,80
siang,80
bunga,80
muah,80
emangnya,80
dimakan,80
uang,79
hm,79
kalah,79
terjadi,79
ngomongnya,79
bobo,79
rasanya,79
secara,79
berenang,79
lho,78
senyum,78
panjang,78
engkau,78
siap-siap,78
ken,78
bos,78
bau,78
ayam,78
tew,78
​erabare,78
​nani,78
ketika,77
penguin,77
klik,77
gas,77
ngaku,77
dare,77
find,76
besar,76
panik,76
look,76
rasa,76
gini-gini,76
mirip,76
setan,76
barusan,76
brush,75
pusing,75
kode,75
terserah,75
tetapi,75
arah,75
jeng,75
gamenya,75
koko,75
goto,75
​yoru,75
dibilang,74
wih,74
crush,74
telat,74
coba-coba,74
tombol,74
cilor,74
kubur,74
kipli,74
joe,73
they,73
pula,73
justru,73
kangen,73
izin,73
wanita,73
translate,73
kuda,73
apanya,72
baik-baik,72
zeta,72
mengerti,72
lepas,72
kuat,72
buku,72
kebalik,72
apapun,72
toki,72
natta​,72
nakereba,72
erabeba,72
​kono,72
hatte​,72
narasu​,72
jungle,71
that's,71
back,71
masak,71
cie,71
inggris,71
gan,71
bagi,71
indah,71
nenek-nenek,71
sedikit,71
lantai,71
asa,71
hana,71
yoru,71
seven,70
red,70
lancar,70
cocok,70
keh,70
michael,70
kyle,70
map,70
waktunya,70
diem,70
ngapa,70
saki,70
mikir,70
suatu,70
selama,70
kaze,70
wanna,69
khair,69
mean,69
steam,69
wae,69
sebut,69
bulan,69
merasa,69
kamar,69
kitte,69
mukou,69
kanadete?,69
futashika,69
yori,69
mune,69
sumpah,68
iwan,68
kulit,68
syaikh,68
klip,68
bahwa,68
kebanyakan,68
jamur,68
jepang,68
warnanya,68
toko,68
sebenernya,68
segala,68
namida,68
night,67
nike,67
pake,67
cinta,67
sibuk,67
posisi,67
down,67
bersama,67
sama-sama,67
supercat,67
angin,67
saku,67
meeting,66
walaupun,66
ungu,66
beban,66
kini,66
membuat,66
guru,66
sepertinya,66
looks,66
​tada,66
​korogaru,66
tsuyoku,66
nijindeta​,66
tsurai,66
moeru,66
yamima,66
egaku,66
teknik,65
ngelag,65
sulit,65
cepetan,65
kesel,65
pertanyaan,65
timur,65
adanya,65
wa,65
tanah,65
senang,65
pa,65
main-main,64
segitu,64
sahabat,64
kepada,64
kembali,64
school,64
twitter,64
daripada,64
ajalah,64
kerjaan,64
angka,64
nyala,64
kelas,64
tada,64
karashite,64
tiap,63
dibuka,63
goblok,63
khai,63
mb,63
eek,63
oi,63
inventory,63
​ta,63
tsumazuku,63
todoroke,63
todoketakute?,63
kuchisaki,63
terashitara​,63
kazoete,63
azayaka,63
hijau,62
segini,62
sound,62
istri,62
wek,62
desa,62
yellow,62
mainin,62
salam,62
cecak,62
akhir,62
selain,62
ka,62
same,61
forever,61
denger,61
buah,61
airnya,61
keluarga,61
ujung,61
nilai,61
ton,60
message,60
anything,60
ngomong-ngomong,60
entah,60
chatnya,60
ngobrol,60
tukang,60
ono,60
kambingnya,60
senya,60
tai,60
tulis,59
detik,59
duh,59
ayu,59
gagal,59
tetep,59
kia,59
adik,59
istirahat,59
ijo,59
lompat,59
kupu,59
halus,59
soko,59
dzeko,59
pagi-pagi,58
gambar,58
yakin,58
pare,58
kyuhyun,58
big,58
dedes,58
mesin,58
amat,58
acara,58
metode,58
hingga,58
kai,58
surya,58
hitori,58
nulis,57
helm,57
tata,57
zat,57
hewan,57
tergantung,57
zombie,57
maka,57
hitam,57
tentu,57
setia,57
samping,57
lumayan,57
tugas,57
sode,57
genka,57
tsuki,57
soete​,57
kattou,57
musubeba​,57
koso,57
aware​,57
akhir-akhir,56
ane,56
wedding,56
laper,56
having,56
jujur,56
going,56
rambut,56
haduh,56
ye,56
temennya,56
barangnya,56
bercanda,56
cake,55
awalnya,55
file-nya,55
syuting,55
indonesian,55
namaku,55
bocah,55
soul,55
musik,55
bawang,55
kosong,55
sebelumnya,55
nyah,55
teng,55
sempet,55
pegangan,55
mom,54
non,54
lampu,54
watching,54
read,54
tungguin,54
intro,54
putri,54
kesana,54
pesan,54
permisi,54
net,54
nyam,54
otoshita​,54
tokasu,54
ginshu,54
​anna,54
kurai,54
kanjou,54
nagai,54
tagaenai,54
makasu,54
shinku,54
daro?​,54
genkai,54
tank,53
files,53
momen,53
racing,53
file-file,53
heran,53
kawan,53
khan,53
asli,53
lama-lama,53
menarik,53
bom,53
cakep,53
membership,53
kepala,53
sempat,53
kebo,53
lem,52
pc,52
why,52
share,52
lele,52
after,52
ngapa-ngapain,52
nono,52
nek,52
tertutup,52
aneh-aneh,52
dengerin,52
beni,52
tame,52
fukai,52
blue,51
keke,51
aceh,51
bahagia,51
dada,51
bertiga,51
turu,51
spike,51
mendingan,51
kira-kira,51
naik-naik,51
akunya,51
alat,51
berat,51
dibaca,51
asik,51
eko,51
ikannya,51
​hikari,51
tooku,51
watare​,51
koukai,51
takai,51
tulisannya,50
bareng-bareng,50
ide,50
kill,50
crazy,50
kepencet,50
namun,50
naikin,50
udahan,50
buset,50
versi,50
tipe,50
pindah,50
hadiah,50
mie,50
berubah,50
pejuang,50
ma,50
dingin,50
a-a-a-a,50
bahkan,50
lagunya,50
coming,49
finally,49
sip,49
bola,49
maksud,49
pop,49
kota,49
musuh,49
khas,49
soto,49
smp,49
sekitar,49
takutnya,49
tebak,49
manusia,49
sok,49
koboi,49
iso,49
telepon,48
mulut,48
tante,48
bagus-bagus,48
penuh,48
obat,48
mekanik,48
singa,48
bapaknya,48
nembak,48
sinyal,48
iyalah,48
baiklah,48
kaca,48
kue,48
bantu,48
kejadian,48
sosok,48
kebetulan,48
estetik,48
truk,48
ditaruh,48
itami,48
ikari,48
kesshiki,48
hibiki,48
​daita,48
dake​,48
​nigedasu,48
shite​,48
days,47
kabur,47
tersebut,47
ki,47
mesti,47
max,47
demo,47
heh,47
ilang,47
black,47
layar,47
halo-halo,47
duduk,47
grup,47
palu,47
respon,47
hutan,47
selanjutnya,47
ketiga,47
api,47
peduli,47
ilmu,47
yume,47
moderator,47
boboiboy,46
fw,46
yusuf,46
ke-4,46
adek,46
mencoba,46
indo,46
monyet,46
ko,46
bantuin,46
bagian,46
efek,46
coklat,46
rajin,46
dadah,46
ngajak,46
topik,46
notice,46
sabar-sabar,46
kasur,46
step,46
sang,46
simi,46
canda,46
star,45
saudara,45
bales,45
rela,45
komen,45
buang,45
pemalu,45
tuhan,45
perfect,45
bekerja,45
jodoh,45
ruang,45
lapar,45
awan,45
misalkan,45
jendela,45
​ni,45
dakishimete​,45
zankyou​,45
​aimai,45
fumen,45
beach,44
enno,44
jijik,44
nugget,44
opo,44
seri,44
mimi,44
nyuruh,44
kemana-mana,44
tas,44
teman-teman,44
abang,44
green,44
puzzle,44
bedanya,44
mencari,44
jawabannya,44
macam,44
ucup,44
jeruk,44
nyata,44
bobby,44
player,43
um,43
tubuh,43
hu,43
sengaja,43
jalan-jalan,43
under,43
sport,43
meski,43
ngerjain,43
ngecek,43
latihan,43
goyang,43
diatas,43
pintunya,43
hayo,43
mode,43
sumpil,43
akari,43
detail,42
cup,42
rame,42
position,42
chan,42
kata-kata,42
benny,42
pink,42
angkat,42
nge-rap,42
default,42
badan,42
keju,42
meja,42
ski,42
ta,42
wajah,42
normal,42
menunggu,42
isinya,42
isu,42
ruangan,42
bete,42
bikinin,42
bacanya,42
magang,42
tadoru,42
sugiru,42
seikai,42
cuci,41
menu,41
king,41
khusus,41
pintar,41
kenapa-napa,41
kece,41
mana-mana,41
naon,41
terlihat,41
skia,41
perut,41
umur,41
fitur,41
bahas,41
rusak,41
sosial,41
tahulah,41
neh,41
otak,41
kotak,41
kopi,41
gitar,41
huruf,41
sadar,41
kedengeran,41
smelter,41
label,40
tambah,40
beautiful,40
biarin,40
ngechat,40
suami,40
ngakak,40
hard,40
tangga,40
anaknya,40
kasar,40
utuh,40
alis,40
caca,40
malu,40
pacar,40
emosi,40
rap,40
room,40
cepat-cepat,40
untung,40
putar,40
iyo,40
semut,40
keras,40
pelan-pelan,40
iki,40
nama-nama,40
janganlah,39
escape,39
jiwa,39
jokowi,39
ahmad,39
sule,39
lakukan,39
kefir,39
brown,39
semangka,39
hoi,39
sehingga,39
sungguh,39
aduk,39
terbang,39
tanggal,39
napa,39
jalannya,39
sopan,39
trik,39
ee,39
sebuah,39
dua-duanya,39
muter,39
mukanya,39
kegedean,39
banyak-banyak,39
hammer,39
kitanjanai,39
nu,38
tadinya,38
imut,38
agar,38
ngetes,38
die,38
pukul,38
misi,38
sini-sini,38
pesawat,38
dikejar,38
tanaman,38
ganteng,38
kisah,38
kocak,38
penasaran,38
jangkar,38
kitchen,37
barry,37
yanto,37
scream,37
bunda,37
cepet-cepet,37
believe,37
le,37
roti,37
version,37
karya,37
nasinya,37
art,37
base,37
check,37
nelpon,37
gitu-gitu,37
huhu,37
tayo,37
tembok,37
muda,37
bisanya,37
bangga,37
join,37
daging,37
kuliah,37
seseorang,37
heboh,37
bunuh,37
matahari,37
skripsi,37
kejora,37
sejak,36
duyung,36
tetangga,36
termasuk,36
clean,36
maupun,36
then,36
sd,36
led,36
wc,36
ahli,36
les,36
listrik,36
bermain,36
baterainya,36
mbah,36
rules,36
tepat,36
juta,36
sepi,36
subway,36
enam,36
hear,36
contoh,36
mei,36
ketahuan,36
ndah,36
apalah,36
lagi-lagi,36
cahaya,36
satunya,36
care,36
tingkat,36
seblak,36
tenet,36
mermaid,36
paralysis,36
​o,36
matanya,35
champion,35
hamil,35
foto-foto,35
pantai,35
ngepet,35
bebas,35
muhammad,35
lahir,35
mommy,35
segera,35
bosen,35
menonton,35
understand,35
panggil,35
such,35
pisang,35
job,35
gerak,35
babi,35
pendek,35
hasil,35
pasir,35
tekan,35
sukanya,35
nyawa,35
nemu,35
hancur,34
panas,34
masalahnya,34
pikiran,34
ganggu,34
bun,34
bunyi,34
titik,34
vs,34
minus,34
al,34
ora,34
pupuk,34
janji,34
tunggu-tunggu,34
account,34
sampah,34
saling,34
lebay,34
nyoba,34
wis,34
resep,34
wakwakwakwakwak,34
shadow,34
pasrah,34
ditanya,34
sma,34
okeh,34
tengah-tengah,34
sensor,34
meong,34
wajib,34
matiin,34
nyangkut,34
city,34
dilihat,34
absen,34
ditutup,34
hoah,34
libur,34
puasa,34
asing,34
hiunya,34
setuju,33
kontrol,33
drink,33
kya,33
nose,33
suhu,33
negara,33
marah-marah,33
them,33
cash,33
country,33
zetta,33
emas,33
eight,33
semakin,33
kemudian,33
kursi,33
sempurna,33
kl,33
rencana,33
ditunggu,33
berhasil,33
manggil,33
keren-keren,33
masing-masing,33
jawa,33
hantunya,33
berita,33
prank,33
lilin,33
cebok,33
iman,32
matte,32
gelut,32
favorit,32
line,32
woah,32
masjid,32
special,32
place,32
stage,32
mask,32
keadaan,32
steven,32
nge-review,32
kyt,32
noise,32
gizi,32
shoot,32
end,32
dc,32
energi,32
berikutnya,32
tu,32
cerita-cerita,32
rizky,32
outside,32
jenis,32
shop,32
la,32
telur,32
try,32
own,32
walau,32
jumat,32
great,32
cabut,32
melakukan,32
tikus,32
bawahnya,32
pengalaman,32
kreatif,32
antara,32
kamunya,32
kabel,32
makhluk,32
suara-suara,32
bayangin,32
bubur,32
sunday,32
nyamuk,31
gw,31
usaha,31
ujian,31
flying,31
amazing,31
swag,31
ra,31
sel,31
calon,31
dance,31
sehari,31
willy,31
minutes,31
disana,31
kidul,31
invite,31
spam,31
kerjanya,31
ribet,31
berdiri,31
mahal,31
otw,31
nengok,31
iyah,31
ning,31
zero,31
pong,31
kang,31
sun,31
tangannya,31
akun,31
paku,31
utama,31
tembak,31
nak,31
berantem,31
tamat,31
sim,31
bertahan,31
burhan,31
note,30
angel,30
wuih,30
desain,30
win,30
brand,30
yoga,30
botol,30
rendah,30
suku,30
koplo,30
fb,30
nur,30
wei,30
nana,30
yoi,30
besoknya,30
bodo,30
apel,30
merah-merah,30
stick,30
roro,30
tut,30
raya,30
laku,30
dicat,30
farming,30
tanda-tanda,30
hem,30
nation,30
ac,30
baru-baru,30
sungai,30
elo,30
final,30
fix,30
ngono,30
kenapa-kenapa,30
barengan,30
tahan,30
yi,30
picture,30
membaca,30
seluruh,30
inggrisnya,30
kijang,30
kobokan,30
ngeri,30
megang,30
plastiknya,30
pinjem,30
lengket,29
dicoba,29
someone,29
angeles,29
survei,29
mengapa,29
baca-baca,29
atasnya,29
healthy,29
future,29
saatnya,29
pr,29
justin,29
dikira,29
gimana-gimana,29
pos,29
seharusnya,29
nada,29
maret,29
kind,29
tray,29
epic,29
oke-oke,29
dede,29
perasaan,29
rom,29
spanyol,29
kehidupan,29
tidurnya,29
switch,29
andai,29
betul-betul,29
bertanya,29
error,29
gustav,29
kevin,29
dorong,29
ngikutin,29
hak,29
anak-anak,29
krik,29
mc,29
layak,29
umum,29
berguna,29
pain,29
kuncinya,29
rumahnya,29
trus,29
mengaku,29
piring,29
judulnya,29
pancingan,29
namain,29
twice,28
ican,28
nabrak,28
wifi,28
langit,28
cil,28
gone,28
sebanyak,28
darah,28
sony,28
suka-suka,28
doh,28
nona,28
segi,28
ae,28
memakai,28
happening,28
aksi,28
tiba,28
deket-deket,28
strong,28
mencet,28
baron,28
permen,28
lari-lari,28
miring,28
chairul,28
merek,28
berisik,28
delapan,28
ramah,28
begitulah,28
ngaji,28
feeling,28
pecel,28
anti,28
pantesan,28
kamera,28
cobain,28
mendengar,28
potong,28
kebuka,28
teriak,28
kepalanya,28
kepikiran,28
pocong,28
milih,28
tatang,28
jumlah,28
mengambil,28
seni,28
temen-temen,28
kunjung,28
talking,28
kenceng,28
setannya,28
tomat,28
silver,28
keluarin,28
dimasak,28
seta,28
boing,28
has,27
jus,27
kebaca,27
jahat,27
versus,27
nunu,27
kabar,27
luka,27
brother,27
update,27
berasa,27
won't,27
enaknya,27
ori,27
nabi,27
berjalan,27
icha,27
jawaban,27
mobile,27
dino,27
macet,27
melawan,27
ahm,27
santai-santai,27
worry,27
aha,27
balikin,27
makacih,27
titip,27
rudi,27
kelapa,27
jalur,27
suaraku,27
ngerasa,27
alasan,27
ceritain,27
disebut,27
bocil,27
mantra,27
dasar,27
fresh,27
umi,27
berbuka,27
sisa,27
udin,27
saking,27
pala,27
​mo,27
mayo,26
nda,26
tokyo,26
rice,26
sari,26
auto,26
dewa,26
chaeri,26
bright,26
ayat,26
bocor,26
dipencet,26
celine,26
boys,26
siapa-siapa,26
bahan,26
resmi,26
pura-pura,26
dibuat,26
yan,26
usai,26
cabang,26
meninggal,26
ketua,26
lelah,26
better,26
bentuk,26
raffi,26
batin,26
nambah,26
lupakan,26
anggota,26
coy,26
tato,26
sobat,26
wujud,26
milik,26
server,26
tinggi-tinggi,26
siapin,26
gunung,26
lurus,26
pastinya,26
dimengerti,26
tatakae,26
matematika,26
dibikin,26
ampe,26
pilihan,26
kapalnya,26
bikinnya,26
sabtu,26
wortelnya,26
boeing,26
juna,26
aligato,26
tujuh,25
eat,25
friday,25
stres,25
ngeliat,25
bacot,25
girls,25
fish,25
kebiasaan,25
mix,25
test,25
early,25
break,25
malaysia,25
brain,25
yogurt,25
tiket,25
aya,25
wangi,25
meskipun,25
keempat,25
iyakah,25
nginep,25
become,25
otot,25
bolehlah,25
taunya,25
kado,25
funny,25
nol,25
bayar,25
eden,25
niat,25
tulisan,25
ajak,25
pingin,25
gurunya,25
ketawanya,25
ngambek,25
ferry,25
gedein,25
hpnya,25
ditembak,25
ngopi,25
haloo,25
nafas,25
komentar,25
media,25
ilham,25
inikah,25
payung,25
kapan-kapan,25
rasain,25
ikutin,25
nungguin,25
gedung,25
anggap,25
kwe,25
yey,25
sahur,25
buru-buru,25
emotional,25
jatah,25
ngeng,25
pecah,25
intinya,25
__,25
cats,25
nikah,25
segmen,25
untungnya,25
mother,25
kontainer,25
guru-guru,25
watashi,25
stupid,25
kubus,25
tempe,25
kesurupan,25
ost,24
boat,24
jogja,24
aktif,24
diajak,24
stok,24
heel,24
jarang,24
kim,24
john,24
ahok,24
surrender,24
perang,24
nomornya,24
jin,24
vemmy,24
teguh,24
boleh-boleh,24
cium,24
wahyu,24
knalpot,24
harga,24
hapus,24
diaduk,24
jahe,24
nyi,24
grade,24
negeri,24
lemah,24
pro,24
sombong,24
kejar,24
nyantai,24
gantian,24
sure,24
baduy,24
jadwal,24
nine,24
dreams,24
raja,24
dipanggil,24
rileks,24
kejauhan,24
putih-putih,24
pedas,24
tol,24
nani,24
dibawah,24
hungry,24
berwarna,24
cita-cita,24
daya,24
nyaman,24
sukses,24
polisi,24
awet,24
pahit,24
anget,24
zaman,24
aslinya,24
menyerah,24
kentang,24
lihat-lihat,24
lord,24
keinget,24
yu,24
hubungan,24
kepo,24
chandra,24
yummy,24
metkit,24
kotor,24
terang,24
jeta,24
hasilnya,24
rumahku,24
malem,24
ketupat,24
beda-beda,24
aqua,24
nyalahin,24
konten,24
selnya,24
makanannya,24
nida,24
​uta,24
network,23
lemon,23
jazz,23
being,23
inside,23
positif,23
sendok,23
does,23
put,23
waris,23
dear,23
old,23
que,23
sri,23
sisi,23
naga,23
musuhnya,23
jauh-jauh,23
tabrak,23
menangis,23
drive,23
pacarnya,23
memicu,23
lawan,23
mind,23
whole,23
membantu,23
blade,23
tersenyum,23
ipad,23
mangga,23
chance,23
wear,23
tarik,23
asus,23
cicak,23
papan,23
almost,23
teknologi,23
kela,23
menuju,23
dongeng,23
seekor,23
screenshot,23
seger,23
hafal,23
jaga,23
gendut,23
agen,23
toxic,23
mabar,23
mampu,23
alam,23
hands,23
dompet,23
instagram,23
hidung,23
apple,23
easy,23
tebing,23
matinya,23
rambutnya,23
laptop,23
deketin,23
lirik,23
konon,23
yours,23
fotonya,23
dibunuh,23
menyenangkan,23
dapur,23
strategi,23
berpikir,23
cemilan,23
kalimat,23
murah,23
gula,23
duri,23
donation,23
putus,23
bahasanya,23
voting,23
daerah,23
rebahan,23
ariel,23
krimnya,23
suaminya,23
seberapa,23
monday,23
ngirim,23
kecap,23
anyway,23
pindahin,23
alex,23
bumi,23
effendi,23
kongres,23
cornelius,23
kubutuh,23
writing,22
sense,22
bae,22
mf,22
badges0,22
turut,22
misteri,22
tolol,22
natal,22
esnya,22
imin,22
aris,22
sky,22
finish,22
tangki,22
michelle,22
team,22
mainan,22
sah,22
gogogogogo,22
km,22
reza,22
koleksi,22
ngegas,22
cina,22
sikat,22
berkata,22
gabut,22
kukira,22
depannya,22
panggung,22
www,22
datsun,22
grey,22
nitip,22
score,22
jadikan,22
id,22
working,22
sounds,22
btw,22
cuy,22
mak,22
somay,22
masukin,22
bila,22
dokter,22
tamu,22
pesannya,22
terjun,22
akui,22
fakta,22
riset,22
arahnya,22
karet,22
nyariin,22
arus,22
mendapatkan,22
toilet,22
maling,22
mengeluarkan,22
mikirin,22
jernih,22
pistol,22
closing,22
hoax,22
kematian,22
kecilin,22
nyetir,22
penghujan,22
tonton,22
lagian,22
betapa,22
mataku,22
translation,22
12.00,22
temanku,22
korek,22
naswa,22
dikit-dikit,22
rainbow,22
mario,22
kecuali,22
tombak,22
simpan,22
pleng,22
skrub,22
sejarah,22
tok,22
tuyul,22
reload,22
rimuru,22
bintang-bintang,22
wife,21
breakfast,21
force,21
silahkan,21
bulu,21
figur,21
engke,21
udang,21
spray,21
dewasa,21
jeju,21
hundred,21
edition,21
luas,21
heard,21
bengkel,21
naiknya,21
semen,21
sona,21
jok,21
fighting,21
moment,21
fancy,21
mantep,21
honey,21
muksin,21
batas,21
tell,21
east,21
yeh,21
kanada,21
sugar,21
india,21
penonton,21
hours,21
nayla,21
lengkap,21
near,21
pelet,21
tokek,21
videonya,21
different,21
licin,21
gaib,21
tercipta,21
missing,21
stinky,21
paket,21
twilight,21
oil,21
sudahlah,21
handal,21
terbaik,21
kebawa,21
blacksmith,21
beb,21
los,21
setempat,21
present,21
mencapai,21
belakangnya,21
utara,21
memiliki,21
kering,21
senjata,21
ohio,21
devi,21
bentuknya,21
mikirnya,21
murid,21
dicampur,21
highlight,21
yogs,21
link,21
rem,21
cycle,21
tanggung,21
ragu,21
memilih,21
monster,21
proximity,21
boneka,21
halnya,21
jual,21
mtk,21
tiang,21
potato,21
deskripsi,21
sendirian,21
villa,21
alif,21
bayi,21
​aku,21
indonesianya,21
chire,21
didn't,20
insting,20
event,20
match,20
winning,20
david,20
sign,20
sunshine,20
mayat,20
him,20
piece,20
maut,20
frank,20
membawa,20
krim,20
des,20
short,20
sharing,20
curiga,20
hulk,20
lucky,20
secure,20
nyesel,20
nuh,20
kalem,20
lebar,20
pusat,20
nyonya,20
karma,20
bajunya,20
york,20
liat,20
atur,20
3d,20
idea,20
hal-hal,20
nontonin,20
gowa,20
pertanyaannya,20
jaksel,20
memberi,20
buzz,20
wib,20
hubungannya,20
hashtag,20
holiday,20
nego,20
jones,20
tujuan,20
nyobain,20
shopping,20
adi,20
tali,20
iye,20
keong,20
kelasnya,20
diisi,20
modern,20
checkpoint,20
tengkleng,20
peta,20
singkil,20
bilangnya,20
settingnya,20
diluar,20
ngulang,20
semudah,20
trek,20
san,20
side,20
wibowo,20
ajeng,20
motornya,20
keluarkan,20
curhat,20
muna,20
akeh,20
dibalik,20
pelajaran,20
mengalami,20
klo,20
daunnya,20
dimensi,20
donations,20
melompat,20
minuman,20
proses,20
donat,20
satu-satunya,20
ngefans,20
musiknya,20
pulangnya,20
ihsan,20
nobar,20
kodok,20
kerjain,20
padang,20
breaking,20
malam-malam,20
aman-aman,20
paham,20
salon,20
cooker,20
mega,20
dokumen,20
subuh,20
saga,20
remedial,20
cepatnya,20
antarnusa,20
gato,20
juli,20
makannya,19
da,19
gmail,19
rush,19
positive,19
dark,19
soya,19
komik,19
em,19
kiki,19
ceko,19
kala,19
semi,19
yay,19
salat,19
lulus,19
bogor,19
menjawab,19
multi,19
jas,19
kenyang,19
bebek,19
smith,19
damai,19
magazine,19
aset,19
jump,19
tengkyu,19
muat,19
emoji,19
wong,19
rok,19
basah,19
melihatnya,19
repot,19
ehe,19
ente,19
thai,19
comeback,19
tweet,19
joko,19
seminggu,19
olahraga,19
whitelight,19
bakalan,19
tunai,19
mine,19
paul,19
buta,19
arok,19
jasa,19
kedengaran,19
kayanya,19
spoiler,19
masukkan,19
adakah,19
turun-turun,19
berlari,19
tahu-tahu,19
kiri-kiri,19
kompleks,19
gombal,19
roda,19
hadiahnya,19
tong,19
sementara,19
gambarnya,19
menghilang,19
anakku,19
sikap,19
ogoh-ogoh,19
wo,19
kobok,19
tepung,19
siswa,19
bear,19
engko,19
mamanya,19
spirit,19
their,19
march,19
seandainya,19
saran,19
nightmare,19
dibakar,19
ngejar,19
baguslah,19
meneh,19
taro,19
color,19
neneng,19
yap,19
maro,19
bapak-bapak,19
stories,19
pulaunya,19
soffel,19
annyeong,19
tertarik,19
mampir,19
gilang,19
tetetew,19
pt,18
jelly,18
syahrini,18
tepuk,18
learn,18
matic,18
kita-kita,18
edisi,18
sea,18
craft,18
point,18
steve,18
suwe,18
bokers,18
order,18
seksi,18
anymore,18
bak,18
ras,18
mati-mati,18
sopo,18
andi,18
pay,18
bersinar,18
wada,18
bukti,18
drag,18
rabu,18
dedek,18
mananya,18
murni,18
ngebet,18
kacau,18
dikenal,18
jati,18
husbando,18
nagih,18
atlet,18
ago,18
tea,18
dog,18
telor,18
panah,18
ea,18
komedi,18
rio,18
sapi,18
yaelah,18
bertemu,18
satu-satu,18
tinggalin,18
kadang-kadang,18
jaring,18
alone,18
someday,18
ekor,18
pete,18
dicari,18
jono,18
social,18
goodnight,18
topiknya,18
jurang,18
kiss,18
kecewa,18
udara,18
berada,18
project,18
berdoa,18
kekasih,18
fit,18
gunanya,18
deta,18
tibet,18
sob,18
nikel,18
kapten,18
restore,18
belok,18
nihongo,18
masukkin,18
injak,18
slime-nya,18
ikan-ikan,18
area,18
ketiduran,18
baka,18
sihir,18
ngurusin,18
lili,18
square,18
ojo,18
ilmiah,18
matikan,18
istrinya,18
habisin,18
medan,18
negatif,18
jemur,18
maafkan,18
kumpul,18
singkat,18
jongkok,18
mesinnya,18
nyaris,18
berbeda,18
aturan,18
posisinya,18
ular,18
cak,18
sialan,18
berteman,18
jajan,18
design,18
dwi,18
presiden,18
tandain,18
minumnya,18
dirimu,18
reaksi,18
binatang,18
mangkok,18
wadah,18
tewas,18
bekas,18
pinter,18
protagonis,18
ojan,18
kedinginan,18
​no,18
notes,17
basket,17
judul,17
munculnya,17
door,17
bring,17
scene,17
gosong,17
wisata,17
travel,17
wechat,17
minion,17
lux,17
jejak,17
nafsu,17
jo,17
nonononono,17
surat,17
lulu,17
maya,17
koi,17
mouse,17
lokal,17
warga,17
esok,17
harinya,17
wrong,17
gameplay,17
garing,17
mengenai,17
sejam,17
center,17
running,17
driver,17
password,17
mening,17
teduh,17
camp,17
ngeh,17
seks,17
ayolah,17
ucap,17
dimulai,17
kilo,17
kaila,17
galau,17
remember,17
otsu,17
asking,17
offline,17
wonder,17
actually,17
decu,17
dahulu,17
rendem,17
background,17
harap,17
besok-besok,17
hangout,17
kep,17
bersuara,17
awards,17
campur,17
crash,17
tingkil,17
vicky,17
singing,17
table,17
telolet,17
im,17
jembatan,17
letak,17
delicious,17
tembakau,17
yeyeye,17
petani,17
grab,17
kartu,17
catat,17
lanjutkan,17
enggan,17
adil,17
demikian,17
kain,17
sunda,17
cing,17
tah,17
learning,17
kawaii,17
perempuan,17
ngatain,17
found,17
pacet,17
chord,17
bayangan,17
sorry-sorry,17
logika,17
pekerjaan,17
lampunya,17
karo,17
berkali-kali,17
topi,17
kebun,17
qobul,17
hari-harimu,17
ditengah,17
teriak-teriak,17
sepeda,17
class,17
party,17
rp,17
tengok,17
tool,17
terkadang,17
komputer,17
diganti,17
matang,17
teori-teori,17
angker,17
nyalain,17
kereta,17
tayang,17
rangga,17
hening,17
kuah,17
indeed,17
yatno,17
buzzle,17
penis,16
lost,16
bubar,16
happens,16
river,16
maem,16
list,16
fahri,16
trend,16
canyon,16
noni,16
ulti,16
chanyeol,16
saus,16
barbar,16
butuhkan,16
rame-rame,16
haji,16
skills,16
following,16
pengennya,16
noob,16
wait,16
logo,16
sabun,16
dicuri,16
bagi-bagi,16
fals,16
freeze,16
dota,16
mal,16
mabuk,16
leader,16
walking,16
ngene,16
sela-sela,16
toto,16
hobi,16
fenomena,16
via,16
cacing,16
tunjukkan,16
balik-balik,16
swimming,16
proyek,16
gimang,16
troll,16
nyangka,16
nyadar,16
islam,16
jari,16
serta,16
agan,16
kuota,16
tumbuh,16
kolep,16
ding,16
ehem,16
tried,16
jengkol,16
biaya,16
cosplay,16
dilakukan,16
maps,16
musim,16
jumping,16
oppa,16
den,16
lokasi,16
otomatis,16
tasnya,16
hore,16
kedepannya,16
nyebrang,16
voli,16
rara,16
gordon,16
chatku,16
advan,16
itik,16
yaudahlah,16
burger,16
beijing,16
mendayung,16
enakan,16
nilainya,16
gatal,16
nontonnya,16
kerupuk,16
yei,16
words,16
hilangkan,16
abu-abu,16
mangan,16
peti,16
praktek,16
beta,16
menerima,16
dicetak,16
moon,16
ara,16
pamit,16
euy,16
stitch,16
streamingnya,16
pen,16
mbok,16
styles,16
identity,16
nanyain,16
gede-gede,16
slowly,16
united,16
menjauh,16
terkenal,16
buaya,16
per,16
siapapun,16
ngumpulin,16
simulator,16
tempatnya,16
datangkan,16
mawar,16
selesaikan,16
levelnya,16
kesan,16
berikut,16
tengker,16
wak,16
kecil-kecil,16
bernama,16
hidupnya,16
tabel,16
pantun,16
faith,16
dosen,16
joknya,16
iseng,16
adem,16
pahlawan,16
asin,16
kondisi,16
dibuang,16
memancing,16
grillnya,16
burungnya,16
gendong,16
misal,16
ekornya,16
bilangin,16
mulus,16
kamis,16
berbagai,16
monetization,16
copy,16
gelasnya,16
operasi,16
wibu,16
kimi,16
megido,16
ujang,16
tewtew,16
ceweknya,16
frenzy,16
isekai,16
e-blue,15
yoghurt,15
pemirsa,15
touch,15
ramai,15
ade,15
widodo,15
behind,15
barat,15
e-learning,15
pengin,15
hoki,15
terhadap,15
damage,15
hohoho,15
exo,15
berdasarkan,15
makan-makan,15
turn,15
mewah,15
innova,15
hukum,15
mentah,15
diva,15
beres,15
tebel,15
usia,15
punggung,15
arti,15
rumput,15
nahan,15
forward,15
kampung,15
nyentuh,15
minute,15
lol,15
legend,15
diomongin,15
doa-doa,15
nget,15
pulsa,15
dad,15
vega,15
kwon,15
ngetik-ngetik,15
jumpa,15
used,15
ustad,15
bijian,15
fadil,15
sasuke,15
tukeran,15
steak,15
keributan,15
cupu,15
dikata,15
roll,15
tokoh,15
temenin,15
curang,15
kegiatan,15
countdown,15
kantor,15
pasien,15
browse,15
research,15
rock,15
beat,15
sampai-sampai,15
soon,15
mr,15
manager,15
lg,15
hair,15
jurusan,15
folder,15
tolong-tolong,15
ditabrak,15
ekstrim,15
un,15
lee,15
ditekan,15
left,15
sebetulnya,15
pasang,15
together,15
elemen,15
naikkan,15
surga,15
nai,15
raisa,15
saat-saat,15
lewatin,15
distrik,15
stuff,15
bi,15
kakinya,15
fall,15
luarnya,15
menghindari,15
diketahui,15
elsa,15
kene,15
progress,15
yee,15
perkenalkan,15
ronde,15
kumpulkan,15
celebration,15
official,15
membeli,15
produk,15
kabarnya,15
ironi,15
manajemen,15
diesel,15
kemarau,15
hilangnya,15
nyasar,15
kopo,15
nyatanya,15
gita,15
sesi,15
pah,15
bjm,15
sims,15
phone,15
qwerty,15
rain,15
bisalah,15
students,15
apain,15
favourite,15
tik,15
bopeng,15
wake,15
yas,15
tutorialnya,15
diskon,15
susah-susah,15
mike,15
jagain,15
kompos,15
kuping,15
katakan,15
nanti-nanti,15
bukanya,15
ditulis,15
angry,15
kutu,15
ngajarin,15
beliin,15
agak-agak,15
biarkan,15
daun-daun,15
vallen,15
banteng,15
pin,15
gaji,15
sisanya,15
ditanyain,15
gito,15
tenggorokan,15
salah-salah,15
letkol,15
cafe,15
artis,15
memakan,15
hafiz,15
pria,15
jemput,15
isn't,15
setingkil,15
topokki,15
kuburkan,15
yakobo,15
kono,15
nenet,15
melangkah,15
kos,14
tni,14
happened,14
daftar,14
pihak,14
yet,14
tema,14
diterima,14
ndut,14
twin,14
yaya,14
menikmati,14
komennya,14
cc,14
benci,14
publik,14
gajah,14
alright,14
anwar,14
ato,14
kobek,14
price,14
mengatur,14
not-not,14
mushroom,14
kencang,14
soft,14
genre,14
mengatakan,14
tentunya,14
wangi-wangi,14
glue,14
membuatku,14
punyaku,14
jose,14
suci,14
swt,14
been,14
ubah,14
koe,14
dress,14
jaya,14
yuri,14
benda,14
misterius,14
zat-zat,14
geser,14
log,14
jadiin,14
betah,14
urusan,14
upin,14
ketut,14
gih,14
angkanya,14
ussy,14
deng-deng,14
kalinya,14
ampuh,14
gadis,14
interesting,14
science,14
pegang-pegang,14
gg,14
jakarta,14
pasar,14
bruce,14
mulutnya,14
store,14
uji,14
sumber,14
afternoon,14
ultah,14
merem,14
sering-sering,14
hampton,14
besi,14
virgo,14
semalam,14
planet,14
counting,14
mendukung,14
hias,14
hamster,14
ayesha,14
ayo-ayo,14
press,14
kipas,14
jualan,14
isi-isi,14
hangat,14
didorong,14
beri,14
bentar-bentar,14
awak,14
ngertiin,14
kaku,14
bulat,14
mosok,14
kredit,14
sebesar,14
bersyukur,14
holding,14
iam,14
benaran,14
dikirim,14
paste,14
launcher,14
boom,14
irving,14
cuit,14
warnet,14
koh,14
dangdut,14
dicek,14
permainan,14
mengejar,14
lihatnya,14
tidaknya,14
ratu,14
laki-laki,14
ditambah,14
motivation,14
izi,14
mouth,14
dik,14
loving,14
klasik,14
buruk,14
kebal,14
muslim,14
naruto,14
santet,14
sunset,14
diriku,14
scary,14
rahasia,14
london,14
aisyah,14
kebelakang,14
hatinya,14
insight,14
kubuka,14
kambing-kambing,14
opini,14
bergerak,14
naro,14
ngerasain,14
fany,14
nanda,14
nasional,14
bangunin,14
kobong,14
lembek,14
pokok-pokok,14
nyuci,14
sistem,14
spasi,14
nan,14
lanjutnya,14
sayurnya,14
konflik,14
diajarin,14
memori,14
subrek,14
kuenya,14
bugil,14
semacam,14
agus,14
nantilah,14
salahnya,14
lempar,14
kebahagiaan,14
luna,14
ejen,14
segede,14
langkah,14
dimasukin,14
hatiku,14
meter,14
plants,14
mamaku,14
pendi,14
neneknya,14
ali,14
stiker,14
subscriber,14
bagusnya,14
nadia,14
iri,14
backup,14
nge-lag,14
sate,14
menantang,14
demon,14
bapakku,14
dekho,14
menamatkan,14
jorok,14
kuntilanak,14
bangun-bangun,13
faisal,13
rina,13
between,13
saint,13
drone,13
golden,13
called,13
worst,13
bab,13
west,13
populer,13
semester,13
programmer,13
cv,13
jengkel,13
herbert,13
salju,13
nexus,13
mint,13
sauce,13
yani,13
samsung,13
habib,13
yuhu,13
bitch,13
daihatsu,13
freezing,13
mp4,13
naura,13
sarapan,13
sekalipun,13
subhana,13
keselek,13
ari,13
skillnya,13
raider,13
greget,13
feels,13
hadeh,13
ikon,13
jomblo,13
sword,13
mencintai,13
danau,13
duo,13
straight,13
send,13
informasi,13
moskow,13
bird,13
ajarin,13
tri,13
catatan,13
tower,13
seconds,13
cacat,13
sakitnya,13
badai,13
moral,13
instan,13
imei,13
najwa,13
host,13
cumi,13
men,13
persen,13
pakainya,13
slide-slide,13
tanam,13
scott,13
uc,13
fungsi,13
alvin,13
reset,13
hoodie,13
zona,13
ketawa-ketawa,13
angela,13
mentok,13
failed,13
temenku,13
benang,13
layarnya,13
joki,13
celah,13
she's,13
bantuan,13
maneh,13
pasta,13
rapat,13
velg,13
kemaren,13
bet,13
kiranya,13
serial,13
toys,13
nyo,13
domain,13
sejauh,13
loud,13
pedes,13
ciri-ciri,13
winner,13
ours,13
candi,13
andre,13
browser,13
round,13
han,13
april,13
santui,13
metu,13
ramma,13
temannya,13
kolaps,13
galak,13
betawi,13
mantan,13
yesterday,13
crying,13
pusreng,13
praktis,13
kirim-kirim,13
you'll,13
strawberry,13
mendapat,13
cerai,13
kubilang,13
nempel,13
elne,13
write,13
dak,13
enya,13
dimana-mana,13
ic,13
bop,13
percuma,13
jacket,13
arek,13
nang,13
ngangkat,13
abdul,13
mw,13
iphone,13
falling,13
hidupku,13
cair,13
pantat,13
piye,13
ikuti,13
hut,13
parkir,13
hay,13
ranjang,13
niatnya,13
mencetak,13
nantinya,13
kalaupun,13
pisau,13
guna,13
traktir,13
berlalu,13
vitamin,13
mengingat,13
gurun,13
hampa,13
karenanya,13
iyan,13
jelas-jelas,13
needed,13
pick,13
kru,13
motif,13
instead,13
since,13
tokoh-tokoh,13
ed,13
small,13
sheikh,13
ketakutan,13
deng,13
pelan,13
sosis,13
jamsker,13
sia,13
game-game,13
sis,13
jerami,13
kandang,13
papalah,13
ceo,13
patah,13
cari-cari,13
mepet,13
tumbal,13
marine,13
target,13
pai,13
adegan,13
11.00,13
everyday,13
inul,13
sister,13
ngetiknya,13
trisula,13
strip,13
berangkat,13
kulihat,13
banting,13
jogging,13
tepi,13
militer,13
rata,13
offside,13
fact,13
jowo,13
syahrul,13
diceritain,13
adiknya,13
membuka,13
melek,13
nutup,13
hatimu,13
plastik-plastik,13
sedangkan,13
paginya,13
turunnya,13
belakangan,13
omedeto,13
mamih,13
fisika,13
kimianya,13
koboan,13
ujan,13
speaker,13
kitty,13
datanya,13
umay,13
niki,13
lumba-lumba,13
misi-misi,13
teriakan,13
wetan,13
ketinggian,13
supercar,13
emak,13
royal,13
puji,13
barista,13
mita,13
cenot,13
tony,13
minggir,13
bersahaja,13
maulana,13
wkwk,13
kifli,13
coboy,13
fahrul,13
gerbang,13
dewa-dewi,13
seram,13
metafisika,13
holton,13
charge,12
rute,12
olaf,12
honda,12
ig,12
cilik,12
aaaaaaa,12
ufo,12
go-jek,12
enggaklah,12
topeng,12
uu,12
leona,12
legends,12
nemenin,12
dibeli,12
kode-kode,12
azmi,12
viral,12
teri,12
else,12
nge,12
gokil,12
fruit,12
ino,12
delete,12
ngeband,12
ndang,12
adu,12
mengerikan,12
shoes,12
wireless,12
george,12
biasalah,12
student,12
odong-odong,12
buk,12
ji,12
taiwan,12
ibnu,12
muter-muter,12
pic,12
diklik,12
kayunya,12
dm,12
nit,12
pertamanya,12
post,12
ngeselin,12
yunus,12
segar,12
jawabnya,12
palsu,12
anteng,12
guy,12
stand,12
hurts,12
window,12
novi,12
dendam,12
says,12
kyb,12
ultimate,12
gratis,12
ngeliatin,12
foke,12
kaela,12
edi,12
dimainin,12
deg-degan,12
living,12
kelamaan,12
kiye,12
ramen,12
total,12
yel-yel,12
kulkas,12
poor,12
asih,12
launch,12
ten,12
ipin,12
ashley,12
train,12
angle,12
klub-klub,12
sifat,12
evening,12
masa-masa,12
m-san,12
controller,12
kakek,12
activities,12
movies,12
neni,12
sampingnya,12
tumor,12
rich's,12
halte,12
spider,12
restu,12
sanggup,12
fadli,12
firmware,12
kedepan,12
iniin,12
rene,12
ajun,12
diangkat,12
tamborin,12
giliran,12
paya,12
teks,12
bisnis,12
knowledge,12
khairin,12
lebah,12
ledakin,12
tuaku,12
kamu-kamu,12
goyah,12
tebet,12
nampaknya,12
wkwkwk,12
parahnya,12
benarkan,12
however,12
uk,12
barangku,12
dulunya,12
terpakai,12
betina,12
tampil,12
cincin,12
kubaca,12
tepatnya,12
mengingatkan,12
remix,12
menabung,12
jerman,12
yovie,12
berkurang,12
dikubur,12
telurnya,12
lihatin,12
nato,12
berikan,12
celengan,12
batik,12
menghilangkan,12
lapangan,12
kemungkinan,12
seakan,12
melanjutkan,12
ala,12
mutia,12
bus,12
nyetok,12
siapakah,12
duck,12
lia,12
dipotong,12
bbm-nya,12
ngetawain,12
age,12
introduction,12
silent,12
beliau,12
pi,12
kuburan,12
berbohong,12
baunya,12
seat,12
temanimu,12
janda,12
mui,12
ft,12
budak,12
batang,12
through,12
sel-sel,12
roads,12
kelar,12
imagine,12
hack,12
encan,12
selebriti,12
kuku,12
vc,12
ngurus,12
wanted,12
bedroom,12
wahai,12
badannya,12
dimarahin,12
nyamperin,12
dingo,12
umatnya,12
jarak,12
sinari,12
tiada,12
board,12
nyengat,12
nyerah,12
bla,12
deni,12
02.00,12
siapkan,12
roasting,12
diingetin,12
copot,12
edo,12
rencananya,12
tinju,12
billing,12
insya,12
mayatnya,12
sore-sore,12
mid,12
bersalah,12
profile,12
diam-diam,12
bell,12
miui,12
tenggelam,12
mamah,12
improve,12
mengetahui,12
keknya,12
behel,12
doain,12
shark,12
clipper,12
tepar,12
neo,12
bullying,12
congratulation,12
totemo,12
mules,12
dagingnya,12
ngumpet,12
gunawan,12
alami,12
lunasi,12
hansamnida,12
cilok,12
klub,12
estetika,12
silverstar,12
tipis,12
tempura,12
gedang,12
berfaedah,12
lemari,12
seseorangnya,12
hidayat,12
poltergeist,12
​you,12
​na,12
​kakikeshite,12
norwich,11
ketombe,11
breath,11
elegan,11
needs,11
kontak,11
field,11
bencana,11
syifa,11
ngehe,11
juice,11
acting,11
push,11
might,11
nampak,11
keno,11
reasons,11
paulus,11
fear,11
death,11
reog,11
bau-bau,11
digoreng,11
mia,11
yesus,11
j&t,11
g-shock,11
nasution,11
aroma,11
nuno,11
eagle,11
jatuhnya,11
kwee,11
skornya,11
into,11
rupanya,11
guest,11
besty,11
galaxy,11
mitsubishi,11
di-like,11
reggae,11
pasca,11
testimoni,11
stefan,11
iloveyou,11
simpel,11
sepupu,11
konyol,11
intense,11
describe,11
flip,11
bicara,11
subset,11
objektif,11
flashlight,11
akal,11
while,11
ocd,11
ngatur,11
nyong,11
nononono,11
cengkeh,11
scanner,11
far,11
vegar,11
items,11
disconnected,11
godain,11
ojek,11
komedian,11
mencium,11
regita,11
kecilnya,11
ayang,11
ela-ela,11
merry,11
semesta,11
sayangku,11
madu,11
wars,11
memangnya,11
swift,11
sekaligus,11
mazing,11
petir,11
sembuh,11
menghadap,11
jeans,11
tupai,11
jamnya,11
fair,11
tinky,11
yks,11
tersesat,11
pelaku,11
church,11
problems,11
dit,11
gatel,11
diapain,11
animal,11
lebat,11
sociabuzz,11
jam-jam,11
testing,11
ikhlas,11
fairing,11
helping,11
discord,11
system,11
dewi-dewi,11
joget,11
sy,11
everywhere,11
terasa,11
instant,11
control,11
zaskia,11
deret,11
dibanding,11
nyebelin,11
curut,11
swing,11
maaflah,11
mungil,11
beauty,11
bercerai,11
hubungi,11
bego,11
bolak-balik,11
geprek,11
melewati,11
kepotong,11
mencuri,11
romantis,11
heru,11
konco,11
rose,11
somehow,11
bigfoot,11
sio,11
wulan,11
celana,11
nanananana,11
works,11
harimau,11
magus,11
least,11
telinga,11
cetakan,11
mengasihi,11
sesat,11
yahya,11
kakaknya,11
market,11
mencret,11
makeup,11
abi,11
wheels,11
dirinya,11
endless,11
lupain,11
bisik-bisik,11
oooh,11
dijual,11
hololive,11
menemukan,11
kara,11
duitnya,11
tolonglah,11
dih,11
rusia,11
temani,11
cang,11
kesempatan,11
vcd,11
menginjak,11
premium,11
sebab,11
saur,11
peka,11
gudang,11
takkan,11
cakep-cakep,11
sawah,11
dagang,11
banyaknya,11
string,11
takut-takut,11
understandable,11
tiduran,11
sekeluarga,11
setahun,11
case,11
roh,11
typing,11
aah,11
duren,11
boxes,11
majalah,11
kian,11
hang,11
se,11
iwa,11
miami,11
detil,11
kasus,11
handset,11
whatever,11
kenzou,11
ninggalin,11
petak,11
gasolin,11
kumpulin,11
lepasin,11
macetnya,11
bathroom,11
kebutuhan,11
syaiful,11
ngelewatin,11
company,11
embek,11
bangunnya,11
motivasi,11
kekecilan,11
pawang,11
semenit,11
nasib,11
unik,11
profesional,11
labirin,11
pecat,11
surprise,11
loading,11
objek,11
ngaku-ngaku,11
wiwik,11
terbuka,11
toksik,11
community,11
sinaga,11
ngegombal,11
you've,11
lovely,11
kit,11
sembarangan,11
meta,11
ambilin,11
tia,11
mounted,11
obatnya,11
betulin,11
beginning,11
selimut,11
aktivitas,11
sangat-sangat,11
cooking,11
lagipula,11
ngalamin,11
pita,11
ngelawak,11
lover,11
chelsea,11
istimewa,11
lemes,11
elit,11
cookies,11
mesir,11
asalnya,11
masha,11
gigit,11
eropa,11
ado,11
tidurin,11
intel,11
piringnya,11
h2o,11
oksigen,11
biologi,11
ujungnya,11
meong-meong,11
arwah,11
tanganku,11
kenya,11
refresh,11
pet,11
material,11
abby,11
anata,11
kebakaran,11
ribu,11
kebaikan,11
sas,11
editor,11
pertama-tama,11
gitarnya,11
relaxing,11
daniel,11
menatap,11
letter,11
lengserkan,11
corner,11
fikri,11
snap,11
muti,11
kenalan,11
seputar,11
pati,11
gomawo,11
pesanggrahan,11
shows,11
tim-tim,11
sembunyi,11
gravel,11
tingkel,11
mobilnya,11
iku,11
galon,11
nyanyiin,11
gema,11
wik,11
irwan,11
minna,11
garok,11
ketagihan,11
sekretaris,11
oto,11
pret,10
wales,10
divisi,10
komeng,10
cutting,10
den-o,10
rider,10
beginilah,10
menilai,10
thousand,10
land,10
everytime,10
plating,10
against,10
garam,10
ok-jek,10
jonathan,10
lock,10
menjeda,10
te,10
jackson,10
gali,10
league,10
admin,10
lucu-lucu,10
rezky,10
min,10
adc,10
mulia,10
ngebel,10
dats,10
gang,10
mvp,10
adventure,10
accounting,10
ditarik,10
olx,10
sae,10
mortal,10
freed,10
dekil,10
kelima,10
until,10
smartphone,10
snowman,10
websites,10
adat,10
ngebak,10
buatan,10
warriors,10
gemuk,10
e-cash,10
jadilah,10
uti,10
gituin,10
pinggir,10
fame,10
sehat-sehat,10
dukung,10
ngadu,10
went,10
game-nya,10
hemat,10
pandai,10
bisakah,10
akibat,10
wanget,10
ngamuk,10
ikutan,10
keburu,10
counted,10
add,10
bapa,10
esa,10
started,10
till,10
juara,10
did,10
shower,10
jelasin,10
ucapkan,10
cheese,10
pus,10
wego,10
moba,10
subhanallah,10
kemenangan,10
cause,10
ngopo,10
investing,10
charles,10
menjaga,10
saying,10
nusa,10
careful,10
scriptnya,10
complete,10
balesnya,10
lolos,10
nonono,10
abay,10
meneng,10
padamu,10
listen,10
volt,10
nyamain,10
adoh,10
umumnya,10
berbahaya,10
ganas,10
sout,10
shooting,10
netter,10
mam,10
demam,10
laki,10
ngebohong,10
cotton,10
bacain,10
siapanya,10
ngebantu,10
wates,10
harganya,10
fortnite,10
late,10
chat-an,10
terpaksa,10
gempi,10
sambel,10
sewaktu,10
transfer,10
kesannya,10
cuek,10
renault,10
bk,10
lady,10
berakhir,10
prepare,10
ingetin,10
teacher,10
adit,10
elektrik,10
curl,10
adjust,10
yao,10
contohnya,10
pesta,10
dollar,10
kuning-kuning,10
tempatku,10
edward,10
capek-capek,10
lapor,10
gogo,10
loncat-loncat,10
gergaji,10
flat,10
tombolnya,10
tsundere,10
rindu,10
naya,10
oven,10
outdoor,10
possible,10
pikirkan,10
rafting,10
barang-barang,10
pesisir,10
dana,10
kucingnya,10
makanlah,10
hindari,10
diet,10
ditemui,10
lubang,10
mitos,10
beatles,10
cariin,10
percobaan,10
ngerti-ngerti,10
desi,10
sinetron,10
mata-mata,10
wi-fi,10
disaat,10
kokobop,10
ahoi,10
ayahnya,10
gen3,10
reni,10
poin,10
kesalahan,10
dakimakura,10
ribut,10
hd,10
kitab,10
ajaib,10
baksonya,10
kacang,10
menyebut,10
dipikirkan,10
ido,10
koyok,10
volumenya,10
toyota,10
rintangan,10
mang,10
dibahas,10
taichan,10
rapuh,10
pir,10
ditinggal,10
deep,10
biasa-biasa,10
sambal,10
tahi,10
atap,10
mungkinlah,10
outlet,10
kura-kura,10
sebentar-sebentar,10
dibenarkan,10
askia,10
untukmu,10
writer,10
roof,10
letting,10
questions,10
jatoh,10
begituan,10
koreanya,10
siaran,10
liriknya,10
nyanyinya,10
sunny,10
heeh,10
itukah,10
confidence,10
pede,10
jantung,10
aura,10
tom,10
scroll,10
sederhana,10
tidak-tidak,10
roni,10
queen,10
msan,10
hiburan,10
lutfi,10
wega,10
smartfren,10
isya,10
puas,10
sumi,10
macan,10
plate,10
michiels,10
bijiannya,10
samar,10
laba-laba,10
nyambung,10
battery,10
kawin,10
mendadak,10
kelompok,10
kameranya,10
ambilnya,10
nehe,10
aamir,10
ngada,10
rilis,10
netizen,10
websitenya,10
ran,10
ndan,10
little,10
tagged,10
edan,10
xl,10
makna,10
cermin,10
naluri,10
hendak,10
selesaiin,10
bin,10
anis,10
mirror,10
anoa,10
batuk,10
middle,10
lagilah,10
kmu,10
ngertilah,10
pilih-pilih,10
portal,10
diulang,10
didepan,10
sayap,10
tag,10
seiring,10
bilang-bilang,10
nobody,10
abah,10
cerah,10
cewe,10
menganggap,10
utang,10
bersemangat,10
gomen,10
important,10
cabe,10
terhibur,10
standing,10
agung,10
sananya,10
macam-macam,10
softlens,10
ngambilnya,10
berantakan,10
ajar,10
siti,10
pipi,10
slender,10
raket,10
tetes,10
lain-lain,10
habisnya,10
nesya,10
akut,10
pepaya,10
gituan,10
mickey,10
bawel,10
ituin,10
mengubah,10
03.00,10
simpen,10
stored,10
mateng,10
mengirim,10
nyebur,10
tusuk,10
kuil,10
tersendiri,10
amanah,10
kawan-kawan,10
masakin,10
tamatin,10
bunyinya,10
medok,10
kepepet,10
dipikir-pikir,10
ut,10
kekuatan,10
karr,10
annyeonghaseyo,10
setinggi,10
senior,10
merinding,10
darahnya,10
sesaat,10
meninju,10
keliatan,10
pohonnya,10
below,10
tendang,10
said,10
platform,10
gerakin,10
congrats,10
yo-kai,10
datangnya,10
content,10
kamil,10
ngebully,10
kategori,10
listening,10
setidaknya,10
play-doh,10
brunei,10
tambahin,10
ina,10
muach,10
10.00,10
anemia,10
tongkol,10
nabung,10
condong,10
minat,10
500k,10
kiara,10
jacko,10
talent,10
julius,10
belalang,10
england,10
hilmi,10
academy,10
kesal,10
kreativitas,10
kobo-chan,10
rendang,10
keluargaku,10
indigo,10
nisan,10
kematiannya,10
selimuti,10
horornya,10
kkn,10
konspirasi,10
kopling,10
penjaga,10
st,10
moto,10
predator,10
cry,10
juned,10
ketindihan,10
nande,10
ipod,9
sumaco,9
kolam,9
confuse,9
meh,9
arya,9
nyusul,9
cure,9
elder,9
roy,9
loro,9
bout,9
penyakit,9
low,9
genap,9
scenes,9
souvenir,9
sekedar,9
sempit,9
mall,9
liona,9
juan,9
terdengar,9
basti,9
usir,9
dengarkan,9
sheep,9
masuknya,9
dr,9
kroto,9
bekal,9
klaten,9
studio,9
lotion,9
santuy,9
getting,9
noodles,9
urus,9
mukhlis,9
nazi,9
ogah,9
lyrics,9
tega,9
mengetik,9
baiknya,9
tulus,9
desti,9
value,9
moge,9
tyson,9
menyala,9
ditempel,9
warfare,9
turet,9
vania,9
staff,9
merubah,9
mun,9
spesial,9
brothers,9
dudes,9
hit,9
rokok,9
jalanan,9
situasi,9
menyentuh,9
stretch,9
rest,9
terbaru,9
einstein,9
agresif,9
honor,9
kulitnya,9
mania,9
stainless,9
reaction,9
serius-serius,9
gowes,9
cowoknya,9
saigon,9
engine,9
nakal,9
stereo,9
jangkrik,9
dateng-dateng,9
ketok,9
pulpen,9
ren,9
teki,9
looting,9
doni,9
catur,9
bleach,9
tandanya,9
arai,9
bbm,9
tekek,9
lumayanlah,9
genit,9
kelihatannya,9
sekarat,9
pool,9
forest,9
jadwalnya,9
mainkan,9
segel,9
puluh,9
ian,9
fairy,9
expert,9
ny,9
return,9
webnya,9
menikah,9
el,9
24jam,9
turnamen,9
keluarnya,9
karakter,9
bangkit,9
ml,9
pancing,9
shift,9
menyuruh,9
holo,9
date,9
ponpon,9
eza,9
kizi,9
ngomonge,9
futsal,9
filter,9
moh,9
henna,9
kerjasama,9
doaku,9
resort,9
re,9
crack,9
sebulan,9
husband,9
anime-anime,9
madura,9
aduhai,9
meminta,9
kostum,9
persis,9
beswan,9
nadi,9
diantara,9
hitung,9
koin,9
dimanapun,9
dijaga,9
ulang-ulang,9
kejunya,9
korban,9
knows,9
bolong,9
ichsan,9
enjoying,9
pencet-pencet,9
dicatat,9
ekskul,9
tesco,9
tour,9
valoran,9
pasangan,9
backstabbing,9
mukamu,9
ngebut,9
taeyeon,9
sori,9
ngajar,9
disamping,9
karang,9
ujung-ujungnya,9
pakaian,9
emil,9
kangkung,9
syukur,9
twitternya,9
fc,9
editing,9
kenji,9
cleaning,9
menyesal,9
yakni,9
terharu,9
evi,9
mai,9
terlebih,9
segalanya,9
dijawab,9
protes,9
birunya,9
boros,9
whitening,9
tanyain,9
ami,9
lonceng,9
teleponnya,9
nyontek,9
prince,9
memberikan,9
abu,9
kring,9
tk,9
kaba-kaba,9
kutip,9
cuaca,9
darat,9
baku,9
banyuwangi,9
lembut,9
viewers,9
ngefek,9
hobo,9
enak-enak,9
berharap,9
maksa,9
lagu-lagu,9
jack,9
ngebaca,9
hentai,9
aaah,9
hye,9
menemani,9
doko,9
onee-san,9
tari,9
gadget,9
faktor,9
submit,9
buruan,9
finance,9
lot,9
uv,9
reach,9
baliknya,9
menghibur,9
harder,9
aini,9
explain,9
hanyalah,9
ketek,9
minah,9
sorrymasen,9
akik,9
penguins,9
segampang,9
mag,9
stuck,9
kemajuan,9
ucok,9
crowe,9
staf,9
cow,9
met,9
mmm,9
choice,9
kenny,9
both,9
outlast,9
kenalin,9
ekobo,9
cenderung,9
kasih-kasih,9
etik,9
kunci-kunci,9
sehari-hari,9
conversation,9
drum,9
bed,9
nenekku,9
menyatu,9
kebawah,9
kuningan,9
lafalkan,9
knock,9
gemes,9
yok,9
tegang,9
tugasnya,9
mutu,9
ngobrol-ngobrol,9
berhati-hati,9
reflek,9
sepanjang,9
facs,9
patrol,9
bung,9
keywords,9
rasya,9
zazaazaria97,9
kabelnya,9
ss2,9
ijonya,9
bakteri,9
konsep,9
study,9
dikatain,9
dot,9
kertas,9
sobek,9
barunya,9
tenang-tenang,9
klok,9
won,9
mencengangkan,9
kehilangan,9
informatif,9
berjuang,9
tiktok,9
kapok,9
ngapa-ngapa,9
quiet,9
arabnya,9
ciu,9
norak,9
tutor,9
cancer,9
link-nya,9
nevermind,9
anjay,9
dianggap,9
mematikan,9
factory,9
c-nya,9
macem-macem,9
busy,9
tertawa,9
tambahan,9
ataupun,9
nini-nini,9
lega,9
pedang,9
nutupin,9
rizal,9
parepare,9
lipat,9
singlet,9
kelewatan,9
jealous,9
moore,9
amerika,9
buanget,9
hidupin,9
bendera,9
dihidupin,9
sekali-kali,9
mancingnya,9
sebiji,9
seto,9
turunin,9
ponsel,9
bersama-sama,9
ambillah,9
khususnya,9
recycle,9
ngingetin,9
amel,9
durian,9
hujannya,9
kepalaku,9
seo,9
tenda,9
tipu-tipu,9
hak-hak,9
barbie,9
saudaraku,9
semangatin,9
section,9
bertumbuh,9
monggo,9
singkong,9
photoshop,9
nintendo,9
speechless,9
rewel,9
keatas,9
gelinding,9
tachs,9
dec,9
thinky,9
yuki,9
wisnu,9
insert,9
rahmat,9
memulai,9
kesehatan,9
minum-minum,9
lanjutin,9
freedom,9
zebra,9
wi,9
zainal,9
itu-itu,9
kelaparan,9
supportnya,9
monyong,9
sayurku,9
evan,9
crepes,9
cone,9
kuno,9
dihitung,9
tubuhnya,9
pendek-pendek,9
uno,9
menyeramkan,9
sentuh,9
sopankah,9
able,9
pacarku,9
budiman,9
ida,9
onion,9
kudanya,9
09.00,9
tensura,9
chikara,9
bertambah,9
berry,9
platingnya,9
micro,9
wengi,9
testi,9
berterima,9
dinamain,9
tetew-tetew,9
rizki,9
penakut,9
angan,9
mabok,9
sensitif,9
candra,9
bazzel,9
nail,9
​jika,9
​tidak,9
don​na,9
haikal,8
beginian,8
miskin,8
subro,8
bought,8
series,8
debat,8
brem,8
hub,8
desk,8
lighting,8
ninja,8
g-dragon,8
masker,8
race,8
posts,8
fisik,8
newbie,8
lesson,8
tajam,8
bastian,8
haila,8
haus,8
tuan,8
triple,8
pm3,8
kesukaan,8
dibayar,8
cemas,8
genoa,8
sometimes,8
added,8
mio,8
jinks,8
front,8
endures,8
sidat,8
hikmah,8
ragnarok,8
knapa,8
goblin,8
acaranya,8
bukalah,8
ws,8
goblokers,8
sam,8
berharga,8
vivo,8
manakah,8
belinya,8
hadroh,8
mundo,8
husna,8
embel-embel,8
moga,8
restart,8
su,8
skor,8
reptil,8
songo,8
salma,8
history,8
diamond,8
natsu,8
header,8
sopir,8
gebukin,8
rehat,8
segitunya,8
tria,8
bieber,8
bass,8
scale,8
ical,8
steel,8
ngeflash,8
lightning,8
wina,8
nova,8
geng,8
album,8
botak,8
pohon-pohon,8
berlaku,8
batre,8
dududududu,8
yeni,8
teka-teki,8
historis,8
medis,8
menteri,8
teorinya,8
inginkan,8
nomer,8
lutut,8
mejanya,8
menghitung,8
freezer,8
kekeke,8
lalalalala,8
nuklir,8
syiah,8
sydney,8
widya,8
maha,8
howard,8
north,8
wakil,8
surrenders,8
bandung,8
usb,8
okey,8
bukanlah,8
istriku,8
scuttler,8
helen,8
lek,8
dibandingin,8
nggak-nggak,8
jadi-jadian,8
genius,8
helpful,8
available,8
opsi,8
seneng-seneng,8
razia,8
surf,8
gay,8
mumpung,8
tape,8
gaes,8
fasih,8
kurasa,8
leon,8
asparagus,8
translations,8
sm,8
ebi,8
summer,8
knowing,8
dian,8
ngaruh,8
m-town,8
nyapa,8
sotong,8
ngiler,8
saudara-saudara,8
evil-like,8
robert,8
brazil,8
bra,8
legging,8
kiper,8
henrichs,8
bean,8
related,8
centang,8
resiko,8
ayunda,8
jerapah,8
eminem,8
lama2,8
paha,8
kwh,8
audio,8
sial,8
khawatir,8
piala,8
midnight,8
given,8
desember,8
trail,8
leaving,8
aldo,8
trailer,8
izin-izin,8
donald,8
mukbang,8
dibohongin,8
rikol,8
legenda,8
duwe,8
kva,8
berlawanan,8
terutama,8
nyerang,8
paruh,8
shine,8
bersabar,8
bukunya,8
muara,8
enek,8
smule,8
classroom,8
nyampe-nyampe,8
panic,8
ngerusak,8
ngajak-ngajak,8
sak,8
gosip,8
onto,8
kirimin,8
ditempat,8
caption,8
ho'oh,8
ditusuk,8
ilike,8
goyang-goyang,8
cap,8
resign,8
alay,8
exchange,8
analog,8
mutlak,8
mito,8
anak-anaknya,8
nelayan,8
angke,8
temple,8
noe,8
sepenuh,8
inai,8
ibu-ibu,8
excited,8
ditahan,8
peserta,8
poinnya,8
prilly,8
okenya,8
kurus,8
tumit,8
maafin,8
cah,8
snack,8
nge-like,8
ngeprint,8
sesungguhnya,8
kobot,8
debutnya,8
tebak-tebakan,8
mengecek,8
manado,8
soccer,8
merak,8
obok-obok,8
pengertian,8
kelinci,8
tingginya,8
senpainya,8
akhirat,8
scores,8
kilat,8
enteng,8
sedihnya,8
indra,8
telanjang,8
handuk,8
siluman,8
lidah,8
kurang-kurang,8
au,8
selamatkan,8
jul,8
keinginan,8
ageng,8
ita,8
madrid,8
held,8
tercinta,8
izzy,8
mention,8
twins,8
payah,8
hardware,8
ming,8
kedip,8
acid,8
gampang-gampang,8
wood,8
malas,8
mina,8
lahan,8
rasakan,8
workshop,8
teruslah,8
bernyanyi,8
astagah,8
daijobu,8
entire,8
rafa,8
perasaanku,8
ayla,8
obeng,8
membangun,8
gile,8
effort,8
kekeh,8
lets,8
jemaah,8
renov,8
urusin,8
horizon,8
cara-cara,8
fahmi,8
chennai,8
seasons,8
somewhere,8
flowers,8
upacara,8
mahasiswa,8
throw,8
starting,8
nanya-nanya,8
sentence,8
mamat,8
konsumsi,8
turis,8
pieces,8
dianya,8
practice,8
wizard,8
chiller,8
manjat,8
pengorbanan,8
mengikuti,8
puncak,8
conditions,8
roknya,8
baskom,8
harapan,8
iya-iya,8
kedap-kedip,8
terobos,8
bread,8
irul,8
nina,8
kalau-kalau,8
beras,8
mein,8
temui,8
canggih,8
tawas,8
didatengin,8
kentut,8
iklan,8
responnya,8
ketangkep,8
tangganya,8
ngak,8
net-nya,8
sara,8
ambek,8
namatin,8
siang-siang,8
teliti,8
samperin,8
sofia,8
digit,8
ganjil,8
manualnya,8
bersatu,8
berbicara,8
bomnya,8
yeay,8
lion,8
ngada-ngada,8
senangnya,8
curah,8
explore,8
morse,8
noda,8
tahap,8
infonya,8
inisialnya,8
gelud,8
batal,8
ngawur,8
tes-tes,8
komplain,8
beo,8
dengannya,8
monitor,8
bali,8
ketemuan,8
tonjok,8
levels,8
mayang,8
ngeklip,8
joseph,8
ditiru,8
dipikirin,8
uber,8
ngajakin,8
1.00,8
kwik,8
rolling,8
emirates,8
taman,8
martabak,8
panggilan,8
respond,8
cd,8
bottle,8
mukena,8
messenger,8
monas,8
bedah,8
heck,8
opi,8
bingits,8
reward,8
temukan,8
tante-tante,8
pesen,8
dreaming,8
members,8
alias,8
kart,8
ngemil,8
aye,8
improvement,8
pemakan,8
kemakan,8
papah,8
empire,8
clip,8
timnya,8
serunya,8
dibiarin,8
limit,8
belajarnya,8
anting,8
sange,8
nella,8
virus,8
pancingannya,8
sumur,8
ngalah,8
sturridge,8
naruhnya,8
mengoleksi,8
kepulauan,8
mengganggu,8
wakwaw,8
inget-inget,8
umpan,8
resto,8
abangnya,8
busuk,8
terdampar,8
ketujuh,8
lapan,8
lololo,8
burung-burung,8
warning,8
kutahu,8
mancing-mancing,8
batuk-batuk,8
plang,8
dvd,8
memutar,8
alya,8
nganjuk,8
taemin,8
chilling,8
salahku,8
aduin,8
jeduk,8
disekitar,8
catnya,8
warung,8
naksir,8
karetnya,8
boring,8
manja,8
ara-ara,8
selingkuh,8
gol,8
dipegang,8
memegang,8
glinding,8
pasalnya,8
miu,8
ham,8
mendoan,8
japanese,8
cross,8
menelepon,8
rena,8
oya,8
astagfirullahaladzim,8
saranghae,8
terbiasa,8
klien,8
nerves,8
menurutmu,8
sushi,8
supra,8
romeo,8
hani,8
kelebihan,8
adam,8
buka-buka,8
jatuh-jatuh,8
container,8
baikan,8
keluarganya,8
western,8
dona,8
klaim,8
dedi,8
bong,8
ntt,8
capai,8
bully,8
​dan,8
berhubungan,8
mama-mama,8
malu-maluin,8
cuekin,8
cita,8
talented,8
nantikan,8
sejati,8
cocoklogi,8
formal,8
dengarnya,8
tertentu,8
beku,8
idul,8
za,8
fitur-fitur,8
akatsuki,8
shot,8
faceting,8
mister,8
hong,8
reamur,8
togel,8
bensin,8
saget,8
ratingnya,8
ajib,8
memanggil,8
bukain,8
atletik,8
laginya,8
tetanggaku,8
sikon,8
sgp,8
tini,8
sapu,8
bergema,8
tetangganya,8
kid,8
mengajak,8
mercusuar,8
otomate,8
jefri,8
mudik,8
kebangsaan,8
iru,8
soda,8
seoul,8
onok,8
nurut,8
pas-pasan,8
difollow,8
loker,8
rita,8
lingsir,8
penunggunya,8
thailook,8
interview,8
toko-toko,8
bagaikan,8
woke,7
world's,7
gusti,7
bangunan,7
hoping,7
urea,7
champions,7
memohon,7
topic,7
seksinya,7
tae,7
otaknya,7
begadang,7
towards,7
lens,7
rif,7
fase,7
hihi,7
mencatat,7
asean,7
partner,7
mens,7
business,7
farm,7
lenovo,7
crown,7
kata-katanya,7
livescore,7
kameng,7
hakim,7
sera,7
menginspirasi,7
asalkan,7
rebutan,7
bersin,7
bersihin,7
hits,7
pinpin,7
uhuy,7
manyun,7
ip,7
fallen,7
gawe,7
wasting,7
hunting,7
example,7
e-books,7
mie-nya,7
bolehkah,7
freddy,7
fuchs,7
defense,7
majunya,7
allen,7
bis,7
cubit,7
kubo,7
nyeri,7
bolot,7
splash,7
tasya,7
wakwakwak,7
ratus,7
warnai,7
trenggalek,7
saudi,7
teras,7
mba,7
timer,7
seng,7
tawar,7
d-max,7
iv,7
ngabisin,7
asia,7
tears,7
krisis,7
cucu,7
akurat,7
mark,7
ing,7
ana,7
berniat,7
pastikan,7
parents,7
aplikasi,7
lil,7
cooldown,7
kekekekeke,7
kehabisan,7
ucapan,7
ahlinya,7
sonya,7
zoo,7
clearly,7
plat,7
sepuh,7
sanggau,7
ortu,7
nafasnya,7
untunglah,7
wadaw,7
dimabuk,7
kucing-kucing,7
settings,7
thread,7
merasakan,7
smiley,7
chung,7
mela,7
ditolak,7
men-download,7
swear,7
prioritas,7
dapetin,7
stats,7
diem-diem,7
digendong,7
polri,7
bawa-bawa,7
inspired,7
mage,7
upi,7
ledakan,7
kyai,7
netbook,7
modem,7
vira,7
youtubers,7
piton,7
jun,7
kurung,7
rahma,7
alfan,7
license,7
nggaklah,7
higher,7
amar,7
usahlah,7
alfa,7
emot,7
review-review,7
nyuruh-nyuruh,7
ketahui,7
kamus,7
ngetren,7
kudatang,7
bank-bank,7
anto,7
jobs,7
perasaannya,7
menulis,7
ria,7
pantes,7
berisi,7
sembilan,7
iyanya,7
santi,7
itemnya,7
membunuh,7
ram,7
tulang,7
yasin,7
ame,7
cable,7
pressure,7
spesies,7
touchscreen,7
gacor,7
uchiha,7
krispi,7
teach,7
copyright,7
electric,7
lidya,7
efisien,7
deadline,7
gerobak,7
ngecat,7
ghaib,7
mi5,7
malang,7
gamer,7
dosenku,7
ancen,7
restoran,7
sejumlah,7
konsol,7
kmi,7
breadtalk,7
permission,7
nn,7
begitukah,7
leher,7
pembawa,7
fool,7
yuni,7
umurnya,7
diminta,7
kacamata,7
mila,7
berdarah,7
manga,7
endingnya,7
braile,7
elak,7
generation,7
rafli,7
vincent,7
situs,7
rada,7
rekor,7
seimbang,7
tolak,7
matching,7
induk,7
listriknya,7
menebak,7
sumatera,7
dipisah,7
casing,7
cukai,7
tense,7
sampe,7
dipukul,7
jek,7
hitungan,7
domba,7
seumur,7
ronaldo,7
ego,7
lupa-lupa,7
engkel,7
kemon,7
gepeng,7
lombok,7
puyuh,7
passwordnya,7
bolt,7
rashid,7
kuatnya,7
plastic,7
sayur-sayur,7
jamur-jamur,7
sketsa,7
jeffrey,7
dibilangin,7
plaza,7
ellen,7
excuse,7
inikan,7
biru-biru,7
nembak-nembak,7
yogya,7
airbrush,7
memories,7
berkendara,7
benua,7
puter,7
ngejer,7
nemuin,7
lapah,7
kenyataan,7
mitra,7
baso,7
draw,7
striker,7
barangmu,7
yudi,7
merekrut,7
hooke,7
afrika,7
melalui,7
wu,7
selatan,7
rantai,7
gombalin,7
adel,7
ancol,7
gunting,7
menari,7
aikatsu,7
act,7
menutup,7
dikecilin,7
mnc,7
trump,7
mendekati,7
wali,7
nyai,7
nangis-nangis,7
ke-3,7
kei,7
bosan,7
menurutku,7
jupe,7
azzeta,7
aero,7
meninggalkan,7
lapis,7
teko,7
perry,7
salahkan,7
kanguru,7
muntah,7
huruf-huruf,7
puyeng,7
tenaga,7
lam,7
irish,7
tempat-tempat,7
belas,7
hantu-hantu,7
kecelakaan,7
blink,7
begini-begini,7
pemanasan,7
mamamu,7
mayones,7
rizkia,7
ikhwan,7
hidden,7
jagoan,7
options,7
yin,7
relationship,7
gameover,7
title,7
dikunci,7
prewedding,7
ms,7
etos,7
lovers,7
kaum,7
lelaki,7
serat,7
warisan,7
bermimpi,7
rata-rata,7
klip-klip,7
promosi,7
crew,7
like-like,7
wan,7
safe,7
gogogo,7
arigathanks,7
grinding,7
denger-denger,7
kotaknya,7
peter,7
ngerosting,7
bisa-bisanya,7
bonus,7
track,7
standar,7
berhak,7
lipstick,7
timezone,7
continued,7
rey,7
entrusting,7
annisa,7
bioskop,7
gear,7
ebooks,7
mukul,7
disk,7
source,7
bakhsh,7
gorden,7
frame,7
ati,7
tujuannya,7
diinjak,7
greeting,7
ngebahas,7
patah-patah,7
perapian,7
mumet,7
tinggalnya,7
kuburnya,7
berkumpul,7
rt,7
selai,7
deskripsinya,7
genset,7
entek,7
heirs,7
jelajah,7
breeding,7
kunti,7
bakar-bakar,7
kerap,7
mencintaimu,7
uangnya,7
ngeteh,7
msg,7
remaja,7
bmw,7
wedges,7
mangsa,7
endi,7
menyesuaikan,7
minimal,7
intim,7
kepengen,7
mencerna,7
umpet,7
tracking,7
greetings,7
generasi,7
harian,7
merahnya,7
jos,7
perosotan,7
letaknya,7
doanya,7
keberapa,7
jeddah,7
output,7
halaman,7
belut,7
ke-2,7
loan,7
ciri,7
device,7
aneka,7
bahaya,7
blu,7
sugesti,7
cia,7
catet,7
mengakui,7
tegal,7
span,7
konteks,7
penampakan,7
percayalah,7
diinginkan,7
digunakan,7
bridges,7
terletak,7
sold,7
dimatiin,7
cus,7
ketinggalan,7
schedulenya,7
supercats,7
paus,7
sekolahnya,7
pooh,7
pesona,7
micin,7
kpop,7
direction,7
sasando,7
sedap,7
cici,7
chalenger,7
siswi,7
yus,7
mendekat,7
ngetem,7
yoke,7
vision,7
tekanan,7
emoh,7
dinner,7
amati,7
letz,7
jarang-jarang,7
wardah,7
nge-chat,7
j.co,7
app,7
anehnya,7
ngetroll,7
akil,7
lunas,7
remove,7
gedean,7
atasi,7
brownies,7
s1ti,7
kerjaannya,7
ekonomi,7
pretty,7
mewek,7
blank,7
ohok,7
receh,7
basicly,7
resi,7
yaa,7
lawak,7
contents,7
banyakan,7
menjalani,7
mempunyai,7
bikin-bikin,7
ilya,7
marahnya,7
french,7
sialnya,7
selamanya,7
losing,7
vesti,7
timbul,7
gelas-gelas,7
nambang,7
patung,7
perutnya,7
kegelapan,7
wilayah,7
menggoda,7
arahin,7
grupnya,7
runtuh,7
pengemudi,7
membutuhkan,7
malu-malu,7
nusuk,7
eta,7
geleng-geleng,7
melati,7
lead,7
formasi,7
sebaiknya,7
singaku,7
melakukannya,7
gril,7
angkernya,7
tidur-tidur,7
menentu,7
pinjam,7
weni,7
hp-nya,7
menghargai,7
encen,7
messi,7
sajalah,7
nama-namanya,7
bersahabat,7
emaknya,7
shade,7
sesudah,7
bulet,7
pendapat,7
ember,7
fendi,7
kanannya,7
kenongo,7
moyang,7
aryo,7
sebabnya,7
laporan,7
kyanya,7
concert,7
borgol,7
silence,7
oni,7
kubawa,7
yunani,7
sampaikan,7
galih,7
ryan,7
mechs,7
monetisation,7
mea,7
fredly,7
satria,7
moneter,7
elek,7
aksen,7
he's,7
koto,7
bakmi,7
zombies,7
jasmine,7
mengerjakan,7
tunjukin,7
animals,7
wall,7
terbatas,7
rekam,7
asu,7
classic,7
anggep,7
macau,7
kekasihnya,7
kogoya,7
renang,7
koleb,7
tentangnya,7
kopinya,7
mengumpulkan,7
dibully,7
risiko,7
perlahan,7
cabai,7
apk,7
page,7
ima,7
rupiah,7
obor,7
bergizi,7
you'd,7
anita,7
welcoming,7
tisu,7
diablo,7
ground,7
supporting,7
kato,7
leading,7
mcent,7
bakat,7
morysenpai,7
smpi,7
saiful,7
diserang,7
miiko,7
pemimpin,7
yak,7
tingkir,7
berempat,7
sarangheo,7
cowok-cowok,7
wawa,7
magi,7
pony,7
gantinya,7
cenah,7
ditegur,7
pipis,7
dipuji,7
ditranslate,7
ngising,7
palanya,7
aoyama,7
binggo,7
sita,7
jamet,7
usus,7
waalaikum,7
kenangan,7
kazu,7
emiten,7
aci,7
spek,7
endorse,7
penempatan,7
carbonara,7
pengambilan,7
bimbimbap,7
susuk,7
katsu,7
pituin,7
pempek,7
tasty,7
spageti,7
tetet,7
zombie-zombie,7
cangkok,7
survive,7
ttttttt,7
roboh,7
enggak-enggak,7
engkong,7
november,7
inu,7
suryo,7
sepupuku,7
merupakan,7
melebur,7
ketimpa,7
film-film,7
subyek,7
dinamakan,7
teal,7
yul,7
oma,7
winky,7
nyaho,7
kore,7
pergi-pergi,7
tosca,7
keajaiban,7
hidungnya,7
berduri,7
keyboardnya,7
kui,7
dalem,7
butar,7
bagai,7
ngagetin,7
ketutup,7
pesek,7
nyalakan,7
wing,7
hollywood,7
asap,7
takutan,7
balkon,7
projection,7
paralayang,7
paradoks,7
rogo,7
sukmo,7
terlentang,7
mon,7
viking,7
jurus,7
donatur,6
bakti,6
garden,6
bihun,6
recommended,6
jimmy,6
janger,6
mastering,6
assassin,6
ngotot,6
adonan,6
broke,6
gobak,6
oriana,6
twenty,6
naff,6
ops,6
powder,6
mencuci,6
bored,6
sifana,6
winnie,6
chand,6
effect,6
events,6
rifai,6
m.ok,6
suarez,6
heal,6
mendownload,6
amal,6
minions,6
trade,6
tb,6
group,6
browns,6
blender,6
ngilangin,6
mimin,6
skill-skill,6
saved,6
waris.com,6
dg,6
dimaksud,6
sonic,6
masyaikh,6
speech,6
festival,6
sarannya,6
car,6
ad,6
ngekill,6
favorite,6
build,6
kehendak,6
olla,6
menaruh,6
kong,6
expected,6
queensland,6
samuel,6
menabrak,6
khasnya,6
notif,6
bah,6
pitch,6
seller,6
4g,6
televisi,6
analisis,6
imo,6
jadul,6
ridho,6
angie,6
unduh,6
peluru,6
maiden,6
al-kautsar,6
yard,6
zoom,6
sms-an,6
cumi-cumi,6
nyesal,6
counts,6
ngeledek,6
sembelit,6
data-data,6
lunch,6
presented,6
unlimited,6
ball,6
makassar,6
ngeles,6
java,6
jing,6
ashraf,6
kazakhstan,6
birds,6
demokrasi,6
ouch,6
disentuh,6
personal,6
brutal,6
rawat,6
nasrul,6
slip,6
children,6
wookie,6
pusingnya,6
rangers,6
waltrip,6
liburan,6
spiky,6
ngecas,6
insyaallah,6
maksude,6
ks,6
kebakar,6
weight,6
suspect,6
seeing,6
ep,6
va,6
laila,6
tryndamere,6
omg,6
pril,6
mira,6
mafia,6
lower,6
magnet,6
maskernya,6
merk,6
ultinya,6
emerald,6
ted,6
sebagus,6
babak,6
ellie,6
shooter,6
suku-suku,6
nenenene,6
terpisah,6
sejuta,6
penduduk,6
older,6
aih,6
kristen,6
ateng,6
yup,6
prefer,6
wordpress,6
hadir,6
denah,6
journey,6
irel,6
searching,6
previous,6
announcement,6
putar-putar,6
fashionable,6
ups,6
fauzi,6
nugroho,6
suram,6
kronis,6
ones,6
membuatnya,6
shown,6
setiawan,6
shoulder,6
dangerous,6
sumbar,6
lembur,6
badut,6
kailan,6
kedai,6
heading,6
fokusnya,6
raf,6
rapper,6
dp,6
darimana,6
pictures,6
newbi,6
dewe,6
cannon,6
hammers,6
quite,6
manajer,6
syiar,6
clock,6
konferensi,6
awi,6
gill,6
wiring,6
giring,6
sampel,6
pinguin,6
tree,6
sung,6
hoon,6
thinks,6
rekomendasi,6
solution,6
helm-helm,6
depok,6
adzan,6
warrior,6
keterlaluan,6
sekali-sekali,6
fork,6
login,6
diklaim,6
yoroshiku,6
ayus,6
ngejawab,6
rutin,6
whether,6
tembak-tembak,6
kemarin-kemarin,6
kaos,6
concern,6
seluncur,6
masuk-masuk,6
kipasnya,6
kitanya,6
exactly,6
aan,6
ambon,6
dikitlah,6
reva,6
gol-gol,6
depresi,6
selang,6
desert,6
anggi,6
mengisi,6
betis,6
mt,6
website-website,6
tools,6
refer,6
kesitu,6
bohongi,6
punyamu,6
past,6
seringnya,6
russel,6
strings,6
riko,6
deketan,6
ndx,6
pengaruh,6
sebelahnya,6
cih,6
selesai-selesai,6
nader,6
xiaomi,6
nunggu-nunggu,6
palunya,6
adele,6
raison,6
polos,6
day-to-day,6
ngapus,6
feng,6
kampret,6
dijemput,6
inner,6
ditipu,6
lelet,6
excellent,6
ngerinya,6
pintu-pintu,6
ngeklik,6
ketuk,6
tomate,6
tren,6
kayu-kayu,6
asmr,6
roller,6
coaster,6
maksimal,6
dodol,6
toyib,6
taufik,6
half,6
pelurunya,6
dicuci,6
eka,6
dirasa,6
menyelamatkan,6
biskuit,6
batu-batu,6
bibirnya,6
gravitasi,6
ditangan,6
bandicoot,6
pisah,6
dodo,6
cilegon,6
liar,6
nurul,6
bidang,6
eki,6
refund,6
chips,6
pendeta,6
keseimbangan,6
pemilik,6
mendes,6
februari,6
kuya,6
continue,6
kondang,6
tampak,6
opo-opo,6
mcd,6
jaan,6
mengadakan,6
kolom,6
berkomentar,6
tahukah,6
gila-gila,6
amir,6
tara,6
nyamper,6
jeda,6
pikir-pikir,6
gb,6
riau,6
husein,6
apa-apaan,6
cm,6
retno,6
beruntung,6
fungsinya,6
kapak,6
sampainya,6
barumu,6
udahnya,6
lazuli,6
langit-langit,6
chigga,6
gempa,6
cingur,6
pemutih,6
mut,6
kuotanya,6
gulai,6
indian,6
landak,6
sendal,6
rate,6
cuti,6
audit,6
gurih,6
zeto,6
menentukan,6
rang,6
ginga,6
ja,6
ramai-ramai,6
australia,6
berupa,6
otsukare,6
fatal,6
melulu,6
kasihnya,6
few,6
pemanasannya,6
garis,6
taylor,6
keringat,6
iming,6
kia-kia,6
kepribadian,6
ganda,6
bandingin,6
makai,6
yuyun,6
colors,6
ditungguin,6
ore,6
ideal,6
truth,6
emotion,6
nangka,6
sandi,6
ialah,6
lompat-lompat,6
uye,6
rapi,6
grogi,6
sangka,6
letto,6
fokus-fokus,6
sintetis,6
seventeen,6
tvc,6
fail,6
hea,6
turunkan,6
daijoubu,6
tertib,6
enggaknya,6
holder,6
mineral,6
masyarakat,6
inject,6
boa,6
miliknya,6
slimming,6
faded,6
chock,6
diah,6
henti,6
microphone,6
emi,6
kadar,6
melayang,6
livechat,6
toner,6
pray,6
stopped,6
rini,6
knew,6
relevan,6
smiling,6
sad,6
global,6
abs,6
mayday,6
greatest,6
saving,6
arusnya,6
rasul,6
umar,6
kuwi,6
hebatnya,6
ci,6
gembok,6
jemuran,6
injit,6
ditanganku,6
kulon,6
moms,6
datar,6
geh,6
rek,6
tipe-tipe,6
awal-awal,6
dijagain,6
jeraminya,6
keki,6
syekh,6
ngedeketin,6
obo,6
inoue,6
rekan,6
jelajahi,6
suriah,6
mekar,6
perginya,6
getaran,6
input,6
tv-nya,6
menghabiskan,6
dirumah,6
rendam,6
relation,6
bohongin,6
barrel,6
perjuangan,6
demen,6
indomaret,6
sinar,6
skeptis,6
angkut,6
kelincinya,6
mempermudah,6
asmaul,6
bukankah,6
lines,6
persiapan,6
eksis,6
setirnya,6
hela,6
rakyat,6
dikejar-kejar,6
rapalkan,6
agaknya,6
kea,6
aspek,6
putus-putus,6
angka-angka,6
tap,6
labu,6
record,6
tan,6
sports,6
semula,6
nganga,6
display,6
poin-poin,6
nga,6
hafalkan,6
bor,6
moscot,6
beritahu,6
ngisi,6
sebutnya,6
kecek,6
motong,6
kabupaten,6
dicariin,6
acak,6
tp,6
ngeflek,6
trick,6
ulangan,6
tetaplah,6
meningkatkan,6
goals,6
melupakan,6
lomba,6
comedy,6
comes,6
bulannya,6
connection,6
longer,6
alasannya,6
southern,6
jessica,6
murai,6
gawat,6
op,6
kyuhyun-ah,6
undang-undang,6
mic,6
fort,6
montech,6
outright,6
romance,6
omongin,6
lusi,6
spastik,6
oprek,6
ngabarin,6
anime-nya,6
ndek,6
nebeng,6
menghindar,6
bag,6
bob,6
tresno,6
tentara,6
bronsted-lowry,6
menambah,6
hindu,6
gresik,6
ben10,6
digigit,6
expect,6
gerak-gerak,6
usa,6
bersih-bersih,6
gen,6
keanehan,6
sapa,6
attack,6
dijadikan,6
silet,6
helmet,6
foot,6
medley,6
waduk,6
hafidz,6
remind,6
lori,6
idon't,6
thought,6
minggunya,6
pilek,6
mutiara,6
mentang-mentang,6
bangku,6
passion,6
yamaha,6
kebangun,6
yakutsk,6
temanya,6
aksinya,6
sesok,6
ilmi,6
maintenance,6
vietnam,6
porsinya,6
bertahun-tahun,6
pahit-pahit,6
duanya,6
kembang,6
apa-apanya,6
translated,6
skripsinya,6
ketebak,6
membahas,6
koinnya,6
serbuk,6
ampas,6
pucat,6
kunyah,6
diminum,6
broh,6
adus,6
lebih-lebih,6
ngegame,6
liquid,6
istilahnya,6
golf,6
lihatkan,6
bedain,6
dinosaurus,6
yun,6
jalanin,6
notebook,6
yona,6
matamu,6
ditakuti,6
gotong,6
grammy,6
putra,6
anginnya,6
khusyuk,6
untuknya,6
iko,6
barang-barangnya,6
panco,6
bucket,6
dayung-dayung,6
bising,6
jatuhin,6
logikanya,6
terbenam,6
sisa-sisa,6
kyu,6
eksistensi,6
eneng,6
nebak,6
offer,6
restoring,6
panjangnya,6
errornya,6
menurutnya,6
rote,6
vagina,6
roket,6
nyelem,6
plus-plus,6
lautan,6
perjalanan,6
diingat,6
papanya,6
seharian,6
bekel,6
pasirnya,6
seafood,6
jumbo,6
ngikut,6
memenuhi,6
ngejek,6
periodik,6
agama,6
tengahnya,6
disayang,6
mengalir,6
dikobok,6
naneun,6
very-very,6
kanji,6
frekuensi,6
enda,6
must,6
kecapnya,6
dieselnya,6
sa,6
stadium,6
olshop,6
skak,6
factor,6
tung,6
mudahnya,6
wet,6
grafik,6
onde-onde,6
dorong-dorong,6
gemscool,6
puing-puing,6
tebang,6
pingsan,6
antar,6
oakley,6
huge,6
ingatin,6
beltnya,6
kiro-kiro,6
omongan,6
membeku,6
gereja,6
fotoin,6
congress,6
congratulations,6
type,6
wilson,6
nota,6
welly,6
bule,6
sc,6
elisa,6
bekasi,6
slamet,6
terkena,6
buncis,6
ubi,6
somebody,6
remora,6
julia,6
muhyi,6
kuas,6
mountain,6
fat,6
arwana,6
feeding,6
lightening,6
terlambat,6
merusak,6
metro,6
creation,6
helikopter,6
amazed,6
excel,6
smw,6
ani,6
perhatian,6
hama,6
kondusif,6
filternya,6
belt,6
batak,6
peleng,6
syok,6
drops,6
recording,6
puding,6
apinya,6
discount,6
pensil,6
terlanjur,6
kepercayaan,6
kalian-kalian,6
drill,6
oalah,6
ailun,6
tadaima,6
gura,6
instrumen,6
cimahi,6
segaris,6
seal,6
juri,6
klarifikasi,6
nyebut,6
itb,6
bawangnya,6
bumbu,6
vanilla,6
perutku,6
yakobus,6
cowboys,6
nekat,6
akupun,6
sejujurnya,6
pola,6
fried,6
evil,6
kartesius,6
memperluas,6
jura,6
slate,6
natural,6
jepangnya,6
sepatutnya,6
sepecat,6
mager,6
ngetweet,6
kumis,6
zata,6
blablabla,6
submission,6
lisensi,6
cctv,6
sepasthika,6
helmi,6
produksi,6
tadase,6
penjual,6
sebutannya,6
observer,6
diganggu,6
pegel,6
italia,6
alfi,6
nyoba-nyoba,6
deco,6
keliling,6
kamisama,6
sayangnya,6
takoyaki,6
kornet,6
efforts,6
forex,6
rings,6
kliwon,6
selamatan,6
teriyaki,6
colorful,6
cendet,6
yupi,6
mukhson,6
kepang,6
gatot,6
shadows,6
garlic,6
report,6
yuli,6
looked,6
backsound,6
bike,6
ngedit,6
oggy,6
nipis,6
nnnnnn,6
disebutnya,6
kon,6
mertua,6
serak,6
ikhsan,6
ucapin,6
barbara,6
anjingnya,6
ramadan,6
tono,6
bercerita,6
tutupin,6
pemakaman,6
spion,6
ondel-ondel,6
nakutin,6
iqbal,6
dipilih,6
f3,6
penemu,6
krek,6
silau,6
becek,6
titik-titik,6
menyanyi,6
syariat,6
tertolong,6
telapak,6
dengar-dengar,6
memory,6
konser,6
kutunjukkan,6
roti-roti,6
kwak,6
lekas,6
menerangi,6
acoustic,6
sinai,6
punah,6
doyok,6
genangi,6
timah,6
tuna,6
nyam-nyam,6
menyelesaikan,6
havana,6
direkam,6
suasananya,6
insan,6
hadeuh,6
koyo,6
security,6
punten,6
sarkasme,6
tommy,6
ombak,6
setiaku,6
bere,6
speakers,6
neken,6
terjebak,6
mencekam,6
elevator,6
harta,6
hosted,6
etc,6
kiting,6
fx,6
dahan,6
raft,6
ome,6
sagu,6
festia,6
diborgol,6
omen,6
sage,6
malam​,6
​ha​de,6
​iro,6
i​ro,6
​yo,6
​zenbu,6
zen​bu,6
terpilih​,6
​maka,6
memilih​,6
​e​rabare,6
​era​bare,6
​eraba​re,6
​nakereba,6
na​kereba,6
nake​reba,6
nakere​ba,6
​erabeba,6
e​rabeba,6
era​beba,6
erabe​ba,6
​ii​,6
​ko​e,6
​de,6
​made,6
ma​de,6
​atau,6
​don​na,6
​zankyou​,6
loss,5
winstreak,5
ajakan,5
there's,5
lafayette,5
designed,5
suporter,5
core,5
jungleland,5
nari,5
piro,5
adjusted,5
dat,5
kadonya,5
telkomsel,5
nita,5
gopek,5
canon,5
starts,5
hood,5
adobe,5
irelia,5
nomi,5
opsi-opsi,5
amp,5
bergantung,5
syaraf,5
wolverine,5
warista,5
backward,5
injeksi,5
timnas,5
dh,5
ika,5
meaning,5
gatau,5
witness,5
mayonnaise,5
joanna,5
everybody,5
undang,5
hawaii,5
sitting,5
wind,5
surfing,5
pribadi,5
wadow,5
limited,5
skema,5
semenjak,5
grosir,5
lina,5
creep,5
irfan,5
nyum,5
jackie,5
balon,5
ukhti,5
taklim,5
lights,5
oc,5
capture,5
nambahin,5
tabrak-tabrak,5
entry,5
sesosok,5
nanananananana,5
terakhirnya,5
realize,5
jelasnya,5
hilda,5
pajak,5
judes,5
lies,5
followers,5
mayan,5
reminder,5
soo,5
hydro,5
najis,5
kuintal,5
adain,5
g-string,5
nov,5
designer,5
presentation,5
renouw,5
serigala,5
hidupkan,5
shutdown,5
selangit,5
mainan-mainan,5
biji-bijian,5
ban,5
kings,5
e-business,5
kailash,5
row,5
nyampah,5
came,5
kembalikan,5
dongo,5
cobalah,5
ismail,5
kyj,5
platinum,5
kimo,5
edc,5
melepas,5
heechul,5
ford,5
jakut,5
larinya,5
minna-san,5
headphone,5
fai,5
filenya,5
keset,5
1/2,5
dididik,5
dikerjain,5
ranger,5
aware,5
farhan,5
ros,5
ocha,5
amit,5
drinking,5
covers,5
pusing-pusing,5
suffer,5
internal,5
leaves,5
morgana,5
haul,5
dikeroyok,5
dilock,5
tipu,5
corak,5
palace,5
mulyo,5
touching,5
kejar-kejar,5
offers,5
truck,5
herald,5
spiral,5
awam,5
maze,5
kediri,5
susan,5
yield,5
creating,5
komposisi,5
bler,5
jenenge,5
dicas,5
demit,5
crimson,5
ciumin,5
mkn,5
zenwatch,5
specific,5
topping,5
kasihku,5
downgrade,5
hidup-hidup,5
uin,5
dibantuin,5
gi,5
posted,5
pasiennya,5
klipnya,5
bukit,5
urung,5
lengket-lengket,5
mistis,5
tekstil,5
bangsa,5
badge,5
ge,5
dibutuhkan,5
kyler,5
ingatkan,5
suren,5
noken,5
gurita,5
edge,5
sayanya,5
keok,5
puzzles,5
tebal,5
boss,5
senyum-senyum,5
panel,5
aj,5
known,5
focus,5
peri,5
pengingat,5
bar,5
tulisin,5
kyu's,5
seterusnya,5
aduk-aduk,5
reda,5
salad,5
basi,5
bca,5
ekstrimnya,5
mantap-mantap,5
sepuluh,5
nami,5
jengkelnya,5
chen,5
ukraina,5
nadine,5
print,5
etnis,5
berputar,5
anak2,5
xp,5
sisinya,5
arema,5
ramos,5
teluk,5
vina,5
semua-semua,5
collaboration,5
m&m,5
wulandari,5
pemda,5
handsfree,5
shumoukh,5
andreas,5
hydration,5
gya,5
hiasi,5
eni,5
driving,5
yudhoyono,5
charger,5
pikirin,5
cangcut,5
choki-choki,5
nich,5
dil,5
polres,5
survival,5
schedules,5
sebaliknya,5
ditagih,5
mcm,5
clippers,5
npc,5
outing,5
beer,5
niatan,5
plans,5
didownload,5
aam,5
mengenal,5
cadangan,5
agen-agen,5
abbas,5
menderita,5
kabut,5
kw,5
antagonis,5
ab,5
kutub,5
yesung,5
injil,5
checklist,5
ll,5
quick,5
url,5
zaki,5
idon,5
helmnya,5
ataukah,5
ukuran,5
posting,5
banten,5
diomelin,5
classes,5
dogs,5
recover,5
canai,5
sekalinya,5
doesn't,5
lb,5
soundstream,5
anniversary,5
kalung,5
kabeh,5
tidaklah,5
beyonce,5
farel,5
langgeng,5
steal,5
cerpen,5
arnold,5
megah,5
barn,5
berlebihan,5
crowd,5
woods,5
hutang,5
ketemunya,5
kweni,5
holon,5
colokan,5
tembak-tembakan,5
shakhrukh,5
difoto,5
wuah,5
kontes,5
bosnya,5
memimpin,5
tarik-tarik,5
sadis,5
isih,5
ri,5
kepleset,5
okeoke,5
swan,5
omong,5
ketipu,5
menyendiri,5
astaghfirullah,5
deres,5
intan,5
luwe,5
kerjakan,5
hemer,5
plafonnya,5
wonocolo,5
onboard,5
template,5
curling,5
fan,5
dea,5
smoothie,5
zuma,5
calon-calon,5
iseng-iseng,5
haluskan,5
terbakar,5
aji,5
beratin,5
munich,5
nembaknya,5
denai,5
mixed,5
blablablablabla,5
odol,5
ingini,5
sekuat,5
moal,5
tebakan,5
pvp,5
skate,5
latif,5
nae,5
niken,5
zach's,5
interface,5
anggur,5
spark,5
moana,5
beton,5
geser-geser,5
lava,5
bernada,5
fashionmu,5
velvet,5
eeeh,5
isa,5
kecepatan,5
relaksasi,5
kekiri,5
pinggir-pinggir,5
doping,5
pucuk,5
azis,5
emo,5
kaulah,5
dukun,5
giant,5
terowongan,5
oto-oto,5
wacana,5
terkait,5
ngesave,5
ditutupin,5
eiger,5
mengendarai,5
im3,5
pilotnya,5
picek,5
sehelai,5
minigame,5
pilot,5
spinner,5
gets,5
badminton,5
wisma,5
tiara,5
semaleman,5
civic,5
tokonya,5
kualitas,5
marsha,5
meat,5
ide-ide,5
khoirul,5
pirang,5
trophy,5
kantong,5
lai,5
asas,5
citizen6,5
zahra,5
kodenya,5
tambahkan,5
jateng,5
dicium,5
ke-10,5
olive,5
aapa,5
literal,5
general,5
permainannya,5
aba-aba,5
memuji,5
rainy,5
pewarna,5
koran,5
menunjuk,5
kecepetan,5
jang,5
sininya,5
lalat,5
current,5
mimpiin,5
kubu-kubu,5
rujak,5
pungut,5
lampung,5
lilit,5
guguk,5
ngeronda,5
tatap,5
menjangkau,5
kun,5
audisi,5
jahit,5
ngarep,5
saksi,5
kepentingan,5
miley,5
rubah,5
dipercaya,5
turki,5
olah,5
ketulis,5
ozkia,5
huhuy,5
ying,5
rooting,5
laser,5
beratnya,5
rare,5
ciuman,5
tahunya,5
protect,5
sedia,5
entertaining,5
stiknya,5
gambare,5
videos,5
sastra,5
odon,5
pih,5
channels,5
knot,5
yati,5
tetapkan,5
zain,5
mustahil,5
sweep,5
jaman,5
warming,5
letakkan,5
everything's,5
kiwi,5
naha,5
tune,5
client,5
diswan,5
moorlife,5
lives,5
casual,5
finishnya,5
naskah,5
udon,5
church's,5
kyo,5
shiho,5
rhythm,5
bb,5
kehna,5
fatoni,5
webcam,5
scam,5
ijen,5
harry,5
m2,5
shrimp,5
trans,5
kudus,5
cakwe,5
vulgar,5
whenever,5
rumus,5
penulis,5
wright,5
swim,5
homestay,5
hyun,5
albert,5
lan,5
arab,5
blok,5
offroad,5
bawain,5
uduk,5
makes,5
cape,5
baper,5
replay,5
agents,5
cb,5
nasyid,5
tiupin,5
menengok,5
weda,5
glasgow,5
playroom,5
nunjukkin,5
pengikut,5
bikinkan,5
bray,5
budi,5
spare,5
ngambilin,5
nyarinya,5
3g,5
kerasukan,5
membingungkan,5
melindungi,5
doors,5
2-nya,5
numbers,5
mangkanya,5
nolongin,5
wati,5
digituin,5
penyanyi,5
mendatangkan,5
wafel,5
kubuat,5
asmat,5
kurangi,5
datanglah,5
konsepnya,5
kemari,5
gores,5
ngeteng,5
otomotif,5
ledakkan,5
karir,5
meher,5
sukke-sukke,5
kudasai,5
essence,5
properly,5
adong,5
sentai,5
siska,5
disamperin,5
punk,5
lamanya,5
twinkle,5
tombol-tombol,5
gura-gura,5
blaze,5
booknya,5
salahin,5
kenakan,5
plan,5
plak,5
putihnya,5
benerin,5
pdf,5
viewer,5
barbel,5
wayer,5
tabel-tabel,5
simbol,5
warna-warni,5
salem,5
tret,5
presenter,5
turning,5
slayer,5
evercoss,5
alamat,5
pigmen,5
kotak-kotak,5
perkataan,5
ketidak,5
beracun,5
terlepas,5
kiri-kanan,5
batam,5
adrian,5
akar,5
lambat,5
cetir,5
nganu,5
terdapat,5
i7,5
kencan,5
sumut,5
ijo-ijo,5
dodot,5
tested,5
wheel,5
devil's,5
fajar,5
filmnya,5
akbar,5
mandiri,5
tegas,5
siapnya,5
mengakhiri,5
kakao,5
emak-emak,5
beritanya,5
byur,5
enjoyed,5
albi,5
keambil,5
ini-itu,5
rosting,5
harimu,5
dikumpulkan,5
becoming,5
coin,5
nino,5
enjoyable,5
kabare,5
a3,5
meni,5
tirai,5
innocent,5
dibacakan,5
parts,5
suchs,5
terkejut,5
hongkong,5
kaisa,5
g-star,5
kambek,5
mire,5
restaurant,5
gom,5
brushes,5
yadong,5
dalamnya,5
fajri,5
cce,5
spongebob,5
mesjid,5
magrib,5
ss3,5
ngebalik,5
salto,5
nyampenya,5
menyandang,5
diarahin,5
hendro,5
mengadu,5
bruno,5
merata,5
gea,5
barongsai,5
dilempar,5
fani,5
pakde,5
seribu,5
powerspec,5
ikut-ikutan,5
wonderful,5
assalamualaikum,5
miko,5
mengurus,5
lupus,5
fb-nya,5
ngitung,5
fatur,5
diapa-apain,5
pantang,5
hendri,5
leonard,5
ceh,5
materi,5
detect,5
ne-yo,5
gelar,5
nyanyi-nyanyi,5
celeng,5
kaisar,5
script-script,5
eskul,5
comfy,5
recommend,5
dilepas,5
range,5
tobat,5
extra,5
walet,5
kalimatnya,5
luang,5
antartika,5
channelnya,5
tanyalah,5
dosanya,5
bercandanya,5
setahu,5
kamulah,5
gaul,5
bisik,5
sine,5
tanjung,5
ngirimin,5
cublek,5
senam,5
convert,5
ajang,5
kotanya,5
didengerin,5
panggangan,5
legal,5
berbukalah,5
nyali,5
menekan,5
menyapa,5
keripik,5
lengan,5
asam,5
lambung,5
hasyim,5
pil,5
omega,5
dealer,5
barus,5
bay,5
carikan,5
ketentuannya,5
ruko,5
fauna,5
camping,5
improving,5
wita,5
countries,5
devil,5
rw,5
holes,5
perkembangan,5
di-upgrade,5
kesayangan,5
tanam-tanam,5
pindahan,5
minjem,5
daus,5
lengkapi,5
risoles,5
makanan-makanan,5
yeuh,5
bambu,5
nanem,5
b6,5
dokternya,5
ngedrop,5
athena,5
sepatuku,5
engkaulah,5
lesti,5
metalindo,5
nature,5
mempertaruhkan,5
kuda-kuda,5
chat-chat,5
sesuatunya,5
membosankan,5
gelisah,5
furniture,5
biasakan,5
tergolong,5
mesra,5
spear,5
cocoknya,5
berpetualang,5
warnain,5
inventori,5
apo,5
sin,5
ngerespon,5
ganti-gantian,5
furnished,5
buatnya,5
tabah,5
sparky,5
bersamamu,5
1b,5
glowing,5
dayungnya,5
tombaknya,5
jauhnya,5
wooden,5
komentarnya,5
duet,5
menempuh,5
qt,5
meteor,5
berkabut,5
berkembang,5
yeye,5
dur,5
kelly,5
membutuh,5
terkendali,5
butuhnya,5
meetingnya,5
catfish,5
welcomeback,5
msih,5
nyemangatin,5
epson,5
menghina,5
ditambal,5
sah-sah,5
beristirahat,5
mae,5
fauziah,5
nyiapin,5
sesama,5
boya,5
ranking,5
atom,5
urusannya,5
tahunnya,5
minimum,5
temenan,5
didalam,5
kedok,5
sulam,5
akrab,5
ibunya,5
olivia,5
killer,5
utk,5
pendidikan,5
mempelajari,5
pan,5
bermasalah,5
selasa,5
campur-campur,5
ayune,5
milan,5
potensi,5
basa-basi,5
bersedih,5
komunitas,5
folium,5
dinaikin,5
ngatur-ngatur,5
diwaktu,5
superban,5
lifestyle,5
matiinnya,5
mahesa,5
modding,5
bangetlah,5
dahsyat,5
doyan,5
sending,5
cucilah,5
akrobatik,5
sagita,5
bowling,5
habitat,5
wh,5
kecium,5
yaad,5
marvin,5
kedalaman,5
pian,5
denda,5
platformnya,5
herbal,5
statement,5
stamp,5
desta,5
ngabuburit,5
empatnya,5
konsisten,5
kritis,5
underscore,5
method,5
seasonal,5
aditya,5
lowongan,5
cold,5
andy,5
onoh,5
ancur,5
lasting,5
kirimnya,5
kung,5
dukungannya,5
definisi,5
paman,5
byson,5
dikontrol,5
tenan,5
kubunya,5
written,5
tired,5
achs,5
town,5
naruhodo,5
recommendations,5
bayarin,5
william,5
tube,5
menggunakan,5
nc,5
kenai,5
sensi,5
jerit-jerit,5
soal-soal,5
profesi,5
memutuskan,5
vanessa,5
berbunyi,5
scientist,5
rebus,5
estafet,5
spell,5
nathan,5
subhan,5
tingkah,5
senang-senang,5
pean,5
alive,5
duhai,5
tail,5
premier,5
langka,5
ph,5
rifles,5
troops,5
diskusi,5
informasinya,5
padaku,5
minumannya,5
anion,5
kedap,5
gading,5
tumbuhnya,5
permai,5
alaikum,5
during,5
suke,5
del,5
disambut,5
fishinghook,5
paku-paku,5
plain,5
truknya,5
kasurnya,5
freshwater,5
diakui,5
fill,5
salted,5
perahu,5
bengong,5
disimpan,5
indie,5
wayang,5
tension,5
sok-sok,5
ngelakuin,5
annoying,5
bumbunya,5
syarat,5
buku-buku,5
toge,5
pics,5
eva,5
osis,5
gt,5
ion,5
downed,5
teaching,5
bubi,5
siapalah,5
tempes,5
taktik,5
gunakan,5
kurnia,5
alatnya,5
samida,5
pacat,5
keris,5
faiz,5
numpuk,5
bermanfaat,5
herbie,5
sampeyan,5
fandi,5
hazama,5
gosok,5
kontrak,5
sion,5
perbedaan,5
vista,5
kebayang,5
kawasan,5
tradisional,5
sosial-sosial,5
kolektor,5
sido,5
arif,5
rocky,5
alien,5
sewa,5
meal,5
nganter,5
saha,5
national,5
donesia,5
tofu,5
baim,5
sok-sokan,5
koni,5
sekejap,5
perintah,5
offset,5
squid,5
alfian,5
dayat,5
sedot,5
realy,5
sawahan,5
meriah,5
opah,5
pedulinya,5
benefit,5
rs,5
nissan,5
menyaksikan,5
kuase,5
misinya,5
telp,5
pantas,5
asupan,5
milih-milih,5
diatur,5
giginya,5
memasuki,5
4sehat,5
5sempurna,5
sutomo,5
tawa,5
bordir,5
aki,5
taking,5
tip,5
teripang,5
dirakit,5
lemak,5
salman,5
marlin,5
rak,5
completing,5
pajero,5
oki,5
kupikir,5
yeates,5
booster,5
flag,5
rempah-rempah,5
trauma,5
television,5
ajah,5
renata,5
promise,5
dipikir,5
shipping,5
dinamai,5
tongkat,5
pasukan,5
rohnya,5
tampan,5
tenenenet,5
dibikinin,5
dijelaskan,5
sni,5
explosion,5
sani,5
terlupakan,5
satupun,5
celananya,5
syafa,5
jaket,5
bantala,5
ayahku,5
kumaha,5
dipinjam,5
ikazuchi,5
utututu,5
digital,5
motret,5
marvel,5
mano,5
konkrit,5
finishing,5
amanda,5
neon,5
notifnya,5
jacques,5
kerennya,5
januari,5
kedengarannya,5
junior,5
ceplas-ceplos,5
mv,5
ribet-ribet,5
ngedrift,5
jane,5
manusiawi,5
bermaksud,5
tuk,5
lalala,5
instrumentalnya,5
ayuk,5
naisho,5
aldi,5
niggato,5
ios,5
dumai,5
serai,5
lebihnya,5
garong,5
monica,5
beranikan,5
amelia,5
invented,5
termakan,5
subscene,5
mengecil,5
cita-citanya,5
autec,5
biologis,5
tunggul,5
mengesalkan,5
junaedi,5
lemot,5
walrider,5
generator,5
penontonnya,5
memaafkan,5
mesen,5
sniper,5
tangkai,5
chatime,5
sarah,5
probably,5
manggilnya,5
niaga,5
ended,5
tasik,5
melukis,5
diturunin,5
basis,5
enden,5
amankah,5
kamsamida,5
agenda,5
seorangnya,5
pinnya,5
oleh-oleh,5
saluran,5
tttttttt,5
dita,5
kalium,5
tttttttttt,5
sim-nya,5
akalin,5
peraturan,5
bayangkan,5
kabarin,5
kada,5
wesel,5
kuda-kudaan,5
rukun,5
ti,5
racun,5
tunggal,5
bobrok,5
eniwei,5
unlock,5
corong,5
cebol,5
doppelganger,5
exim,5
kejadiannya,5
ilmiahnya,5
kamarku,5
soap,5
ceritaku,5
nembus,5
soekarno,5
menceritakan,5
tahiyat,5
museum,5
kamarnya,5
fobia,5
mirai,5
sticky,5
awesome,5
mingkem,5
keith,5
paksa,5
keprek,5
al-khair,5
wearing,5
hangman,5
tensai,5
pap,5
kelereng,5
smoking,5
antonio,5
rawon,5
kecampur,5
